block_number,block_timestamp_utc,transaction_hash,transaction_index,method,call_scope,counter_relevant,direct_transfer_ordinal,transfer_from_ordinal,random_before,random_after,counter_action,counter_certainty_before,counter_certainty_after,expected_full_burn_from_counter,observed_full_burn_candidate,classification,burn_log_count,burn_raw_value,nonburn_raw_value
8943162,2019-11-16 07:25:23 UTC,0x1bb323576cd7dcb12e9f8507a5e298a0136927a486f959e3984cb7cca21ed96b,192,contract_creation,creation,False,,,,,not_counter_relevant,exact,exact,False,False,nonburn_transfer,0,0,1000000000000000000000000000
8943297,2019-11-16 08:02:34 UTC,0x37588145e12adb840d11ce70cfbf329d5c1ad20006e0a2f31e05e5f2b0452f00,178,"transfer(address,uint256)",direct_contract_call,True,1,,0,1,increment,exact,exact,False,False,mixed_transfer_and_burn_candidate,1,1000000000000000000000000,9000000000000000000000000
8943297,2019-11-16 08:02:34 UTC,0xe4143d391639d73a457f0bee9c6280000f4f11910382952c26df2b440989fbef,179,"transfer(address,uint256)",direct_contract_call,True,2,,1,2,increment,exact,exact,False,False,mixed_transfer_and_burn_candidate,1,9000000000000000000000000,81000000000000000000000000
8943472,2019-11-16 08:47:19 UTC,0xa08f40ee9c0b5c6a9f296daeb4f58d6b68dcb989a36292e2139f8e3d7aa4120f,20,"transfer(address,uint256)",direct_contract_call,True,3,,2,3,increment,exact,exact,False,False,mixed_transfer_and_burn_candidate,1,1197215619000000000000,10774940571000000000000
8943472,2019-11-16 08:47:19 UTC,0xb49543190e89a14fe8360a32728fc7e9f031dde1e07b1a61540b78aa716c1bf5,21,"transfer(address,uint256)",direct_contract_call,True,4,,3,4,increment,exact,exact,False,False,mixed_transfer_and_burn_candidate,1,1197215619000000000000,10774940571000000000000
8943527,2019-11-16 08:59:24 UTC,0xc37e1f57f2dcfe9a54cba329d55f2143cd8987c92e5a6bb9a4e6c954e34b110c,223,"transfer(address,uint256)",direct_contract_call,True,5,,4,5,increment,exact,exact,False,False,mixed_transfer_and_burn_candidate,1,1197215619000000000000,10774940571000000000000
8943527,2019-11-16 08:59:24 UTC,0x8eceed60c53542c0a97b83fab7b73d2a2f2de0084d9d72e0813f8ff1d0a6262c,224,"transfer(address,uint256)",direct_contract_call,True,6,,5,6,increment,exact,exact,False,False,mixed_transfer_and_burn_candidate,1,1197215619000000000000,10774940571000000000000
8943527,2019-11-16 08:59:24 UTC,0x695e90aab7d54c7fb1536b08528430d688c144ffa5f21daf4e37a1663151cdfe,225,"transfer(address,uint256)",direct_contract_call,True,7,,6,7,increment,exact,exact,False,False,mixed_transfer_and_burn_candidate,1,1197215619000000000000,10774940571000000000000
8943527,2019-11-16 08:59:24 UTC,0x96ebfba8c9a0da721c3edb863a8a1f68445cafaabbf0f717e40748756653dcdd,226,"transfer(address,uint256)",direct_contract_call,True,8,,7,8,increment,exact,exact,False,False,mixed_transfer_and_burn_candidate,1,1197215619000000000000,10774940571000000000000
8943527,2019-11-16 08:59:24 UTC,0x7943bf111f0c2654e040dc9303638fd407845e4814b8668a4ae75b703c50e0fb,227,"transfer(address,uint256)",direct_contract_call,True,9,,8,9,increment,exact,exact,False,False,mixed_transfer_and_burn_candidate,1,1197215619000000000000,10774940571000000000000
8943527,2019-11-16 08:59:24 UTC,0x0a43c8fed129b7a301b2167d0b3446afc06dc0fb5b3a24641bb35e1f69ba85e8,228,"transfer(address,uint256)",direct_contract_call,True,10,,9,10,increment,exact,exact,False,False,mixed_transfer_and_burn_candidate,1,1197215619000000000000,10774940571000000000000
8943533,2019-11-16 09:01:12 UTC,0x4c0203b0d46ee98f4ba65c197d2b7796c0aa925ec84f31af9fe6f79ec13c3cfb,159,"transfer(address,uint256)",direct_contract_call,True,11,,10,11,increment,exact,exact,False,False,mixed_transfer_and_burn_candidate,1,1197215619000000000000,10774940571000000000000
8943534,2019-11-16 09:01:24 UTC,0x7a8990fb4239a1dc66b4530ce42cda2a920c8db5c38b6b7fd2645b859feeea38,91,"transfer(address,uint256)",direct_contract_call,True,12,,11,12,increment,exact,exact,False,False,mixed_transfer_and_burn_candidate,1,1197215619000000000000,10774940571000000000000
8943534,2019-11-16 09:01:24 UTC,0x7f3d38fad40d557d0e35a2f857049bd01c4544320f6207cf843c70494ba8bdce,92,"transfer(address,uint256)",direct_contract_call,True,13,,12,13,increment,exact,exact,False,False,mixed_transfer_and_burn_candidate,1,1197215619000000000000,10774940571000000000000
8943534,2019-11-16 09:01:24 UTC,0x33fb9a2a4909062a812bf720c3f6e36cc2f315e5c794c2510a85f4b62f3f46b0,93,"transfer(address,uint256)",direct_contract_call,True,14,,13,14,increment,exact,exact,False,False,mixed_transfer_and_burn_candidate,1,1197215619000000000000,10774940571000000000000
8943534,2019-11-16 09:01:24 UTC,0xd33eca3a41f56b00dd3c51de977825566ce0033053bd6afc33fa56872f0b52ef,94,"transfer(address,uint256)",direct_contract_call,True,15,,14,15,increment,exact,exact,False,False,mixed_transfer_and_burn_candidate,1,1197215619000000000000,10774940571000000000000
8943534,2019-11-16 09:01:24 UTC,0xefcd8843bd8bd8625f10547c3cb5506dbf5701728653bead53743b3c0863061f,95,"transfer(address,uint256)",direct_contract_call,True,16,,15,16,increment,exact,exact,False,False,mixed_transfer_and_burn_candidate,1,1197215619000000000000,10774940571000000000000
8943534,2019-11-16 09:01:24 UTC,0xc4569434e32c5e972a795dabbcd261d67e5fb8a5ef1687159dc9579d5fbe275a,96,"transfer(address,uint256)",direct_contract_call,True,17,,16,17,increment,exact,exact,False,False,mixed_transfer_and_burn_candidate,1,1197215619000000000000,10774940571000000000000
8943535,2019-11-16 09:01:38 UTC,0xce00e2c86921750df57aca0117b3556999525a102b639368fcbc836c9ea6d2d5,122,"transfer(address,uint256)",direct_contract_call,True,18,,17,18,increment,exact,exact,False,False,mixed_transfer_and_burn_candidate,1,1197215619000000000000,10774940571000000000000
8943535,2019-11-16 09:01:38 UTC,0x4b367918a91ace5864f0639d89a7a18e0edef0f340bbe6e6185cc1e83f003f8a,123,"transfer(address,uint256)",direct_contract_call,True,19,,18,19,increment,exact,exact,False,False,mixed_transfer_and_burn_candidate,1,1197215619000000000000,10774940571000000000000
8943535,2019-11-16 09:01:38 UTC,0x2bb2c19a40c00f66023b90dc9b89b279dc1c21af38d4deb0cbe183dffa4dd062,124,"transfer(address,uint256)",direct_contract_call,True,20,,19,20,increment,exact,exact,False,False,mixed_transfer_and_burn_candidate,1,1197215619000000000000,10774940571000000000000
8943535,2019-11-16 09:01:38 UTC,0xd8d53da6d60cd461b65258ccd69719337175d72c3b2229d5679a4ab212a0b90f,125,"transfer(address,uint256)",direct_contract_call,True,21,,20,21,increment,exact,exact,False,False,mixed_transfer_and_burn_candidate,1,1197215619000000000000,10774940571000000000000
8943649,2019-11-16 09:34:27 UTC,0xfffcc4fc311557f5e49d51ceea29cd423330358f4a8f51e6ff83c13da049d04c,43,"transfer(address,uint256)",direct_contract_call,True,22,,21,22,increment,exact,exact,False,False,mixed_transfer_and_burn_candidate,1,1197215619000000000000,10774940571000000000000
8943649,2019-11-16 09:34:27 UTC,0x317698ced7f9e5ca9b5eab6463102d879ad86af52200c54c4e8deae8097174d9,44,"transfer(address,uint256)",direct_contract_call,True,23,,22,23,increment,exact,exact,False,False,mixed_transfer_and_burn_candidate,1,1197215619000000000000,10774940571000000000000
8943659,2019-11-16 09:37:36 UTC,0xf4b4bf617595743870247e7c8d2f63c933353e9d99be568cd662e14f600ee257,127,"transfer(address,uint256)",direct_contract_call,True,24,,23,24,increment,exact,exact,False,False,mixed_transfer_and_burn_candidate,1,1197215619000000000000,10774940571000000000000
8943659,2019-11-16 09:37:36 UTC,0xfa0ff4a90500f2ea7f2b5484db28a0a6a869c8cbd795939f42c317847af252e1,128,"transfer(address,uint256)",direct_contract_call,True,25,,24,25,increment,exact,exact,False,False,mixed_transfer_and_burn_candidate,1,1197215619000000000000,10774940571000000000000
8943661,2019-11-16 09:38:44 UTC,0x302b27548df0f0abf0e3d52c9fb4b3c4a9b5bfed1e4f24525a26090074a3c5da,153,"transfer(address,uint256)",direct_contract_call,True,26,,25,26,increment,exact,exact,False,False,mixed_transfer_and_burn_candidate,1,1197215619000000000000,10774940571000000000000
8943661,2019-11-16 09:38:44 UTC,0x46b428c48558dca1decdf125f0d66e5cf8b874f7318d61dc006fc68f096e2995,154,"transfer(address,uint256)",direct_contract_call,True,27,,26,27,increment,exact,exact,False,False,mixed_transfer_and_burn_candidate,1,1197215619000000000000,10774940571000000000000
8943665,2019-11-16 09:39:28 UTC,0xbe8bdf59354dd31eb0d7d8709c49377e9ae7539229db83418e608ca6f412c8de,165,"transfer(address,uint256)",direct_contract_call,True,28,,27,28,increment,exact,exact,False,False,mixed_transfer_and_burn_candidate,1,1197215619000000000000,10774940571000000000000
8943665,2019-11-16 09:39:28 UTC,0x1f5ef96ab15c5971f9ecd1514c395a0335ab2169a5811093ba5045b2eaf552ff,166,"transfer(address,uint256)",direct_contract_call,True,29,,28,29,increment,exact,exact,False,False,mixed_transfer_and_burn_candidate,1,1197215619000000000000,10774940571000000000000
8943667,2019-11-16 09:39:53 UTC,0x18504feca3a7d7776d47e1d867aa749de997bc82e45efed39afc660b21b588d9,152,"transfer(address,uint256)",direct_contract_call,True,30,,29,30,increment,exact,exact,False,False,mixed_transfer_and_burn_candidate,1,1197215619000000000000,10774940571000000000000
8943667,2019-11-16 09:39:53 UTC,0xab28a89619eaa78abed1d1c93ec621bd600b9bee7b963aa6a13055566af39d23,153,"transfer(address,uint256)",direct_contract_call,True,31,,30,31,increment,exact,exact,False,False,mixed_transfer_and_burn_candidate,1,1197215619000000000000,10774940571000000000000
8943667,2019-11-16 09:39:53 UTC,0x67ef2207b005b82848e4348648df58b1136078d21955b88b56f8851f1bd0ca05,154,"transfer(address,uint256)",direct_contract_call,True,32,,31,32,increment,exact,exact,False,False,mixed_transfer_and_burn_candidate,1,1197215619000000000000,10774940571000000000000
8943670,2019-11-16 09:40:20 UTC,0xde8165e878a9f5496b502117f99b68d6a67c8e1082e9de7e97203e94a80cf771,102,"transfer(address,uint256)",direct_contract_call,True,33,,32,33,increment,exact,exact,False,False,mixed_transfer_and_burn_candidate,1,1197215619000000000000,10774940571000000000000
8943670,2019-11-16 09:40:20 UTC,0x2f3c6305ec0b0d0f0df16488edb228c2ff5139ab2bbfd25d545b83f6cf9174ca,103,"transfer(address,uint256)",direct_contract_call,True,34,,33,34,increment,exact,exact,False,False,mixed_transfer_and_burn_candidate,1,1197215619000000000000,10774940571000000000000
8943670,2019-11-16 09:40:20 UTC,0x693d0840ab4e34b1ff32536823205fc7723a77d509ff4c7056dd4be4cb602525,104,"transfer(address,uint256)",direct_contract_call,True,35,,34,35,increment,exact,exact,False,False,mixed_transfer_and_burn_candidate,1,1197215619000000000000,10774940571000000000000
8943670,2019-11-16 09:40:20 UTC,0xcddbe97800982bf35f653553b1f2dfcf1403c90958fd2c1c29cd03823d8fb302,105,"transfer(address,uint256)",direct_contract_call,True,36,,35,36,increment,exact,exact,False,False,mixed_transfer_and_burn_candidate,1,1197215619000000000000,10774940571000000000000
8943672,2019-11-16 09:40:31 UTC,0x4d040faa86eccb809b80a59f84f7f897c16ed02b5c4161a7aff65ded29e9e769,65,"transfer(address,uint256)",direct_contract_call,True,37,,36,37,increment,exact,exact,False,False,mixed_transfer_and_burn_candidate,1,1197215619000000000000,10774940571000000000000
8943672,2019-11-16 09:40:31 UTC,0x887750b7dc31b663a4bde65be9f91f97d65ab5e443316ca864ff02c7b64fe686,66,"transfer(address,uint256)",direct_contract_call,True,38,,37,38,increment,exact,exact,False,False,mixed_transfer_and_burn_candidate,1,1197215619000000000000,10774940571000000000000
8943674,2019-11-16 09:40:56 UTC,0x69a0a3130fdd8891eecd878ac9ff24135a71a6dd68c6c111bda83d3b6fd5c6c0,102,"transfer(address,uint256)",direct_contract_call,True,39,,38,39,increment,exact,exact,False,False,mixed_transfer_and_burn_candidate,1,1197215619000000000000,10774940571000000000000
8943674,2019-11-16 09:40:56 UTC,0xebea72855c45667174d6f6039f4e1f46fd24314ba9c5c547f557126622a4ee0d,103,"transfer(address,uint256)",direct_contract_call,True,40,,39,40,increment,exact,exact,False,False,mixed_transfer_and_burn_candidate,1,1197215619000000000000,10774940571000000000000
8943675,2019-11-16 09:41:06 UTC,0x2258d3f0acd0ac07153e2844e58cff8b7ca9bbc9217c6639133cfaebedb31b2f,60,"transfer(address,uint256)",direct_contract_call,True,41,,40,41,increment,exact,exact,False,False,mixed_transfer_and_burn_candidate,1,1197215619000000000000,10774940571000000000000
8943675,2019-11-16 09:41:06 UTC,0x7f1161d8f21d6b3a86ebd7e56304c85926fbd2a5ec0f07587f45552e76927f26,61,"transfer(address,uint256)",direct_contract_call,True,42,,41,42,increment,exact,exact,False,False,mixed_transfer_and_burn_candidate,1,1197215619000000000000,10774940571000000000000
8943675,2019-11-16 09:41:06 UTC,0x26a843a719c6a91d5235f16d801c88285867493f5077973fb20ec292e28d2f27,62,"transfer(address,uint256)",direct_contract_call,True,43,,42,43,increment,exact,exact,False,False,mixed_transfer_and_burn_candidate,1,1197215619000000000000,10774940571000000000000
8943675,2019-11-16 09:41:06 UTC,0x1b5a1523397dded263c9e67516ad6b98dfb9c691063940c5d04fedcf43702ddc,63,"transfer(address,uint256)",direct_contract_call,True,44,,43,44,increment,exact,exact,False,False,mixed_transfer_and_burn_candidate,1,1197215619000000000000,10774940571000000000000
8943675,2019-11-16 09:41:06 UTC,0x919a364c0b8e5f4712951c2430d8f755266e6974f115b191ba2226c1261614c6,64,"transfer(address,uint256)",direct_contract_call,True,45,,44,45,increment,exact,exact,False,False,mixed_transfer_and_burn_candidate,1,1197215619000000000000,10774940571000000000000
8943675,2019-11-16 09:41:06 UTC,0xd5140a5bc5f7157d3b924a27a5bf4631b959a9110081a6709e571370787031d6,65,"transfer(address,uint256)",direct_contract_call,True,46,,45,46,increment,exact,exact,False,False,mixed_transfer_and_burn_candidate,1,1197215619000000000000,10774940571000000000000
8943675,2019-11-16 09:41:06 UTC,0xbce53d67e32c32f1ee767509a9ed9e352f4ce15f416c7080eee92e5e7efbf33f,66,"transfer(address,uint256)",direct_contract_call,True,47,,46,47,increment,exact,exact,False,False,mixed_transfer_and_burn_candidate,1,1197215619000000000000,10774940571000000000000
8943677,2019-11-16 09:41:22 UTC,0xf00eda9505ec95a5854c62bb81883d9c741fc02a34ba4b0993aed701874cb25a,55,"transfer(address,uint256)",direct_contract_call,True,48,,47,48,increment,exact,exact,False,False,mixed_transfer_and_burn_candidate,1,1197215619000000000000,10774940571000000000000
8943677,2019-11-16 09:41:22 UTC,0x8555126381168900d8dad9d7a0cfa1f26152e213d0feb8e29cdb7aa803ca281c,56,"transfer(address,uint256)",direct_contract_call,True,49,,48,49,increment,exact,exact,False,False,mixed_transfer_and_burn_candidate,1,1197215619000000000000,10774940571000000000000
8943677,2019-11-16 09:41:22 UTC,0x57b397df2721fd9ca655629a55ef546a0a2fd16be55bce73524462ecaadeb136,57,"transfer(address,uint256)",direct_contract_call,True,50,,49,50,increment,exact,exact,False,False,mixed_transfer_and_burn_candidate,1,1197215619000000000000,10774940571000000000000
8943677,2019-11-16 09:41:22 UTC,0x9bc9457bcabc712273b7fb8e0be321af7ad78f43c2341af481086f558b7e3dcd,58,"transfer(address,uint256)",direct_contract_call,True,51,,50,51,increment,exact,exact,False,False,mixed_transfer_and_burn_candidate,1,1197215619000000000000,10774940571000000000000
8943677,2019-11-16 09:41:22 UTC,0x4ef8112d0398c99c86f5d5270356bf81663b341a1a9a01566a6bca3ad73ce707,59,"transfer(address,uint256)",direct_contract_call,True,52,,51,52,increment,exact,exact,False,False,mixed_transfer_and_burn_candidate,1,1197215619000000000000,10774940571000000000000
8943679,2019-11-16 09:41:36 UTC,0xf90f17c832a589c10d968152d4cbb71e2ca5db0d2c97f4f426f747996f4838da,61,"transfer(address,uint256)",direct_contract_call,True,53,,52,53,increment,exact,exact,False,False,mixed_transfer_and_burn_candidate,1,1197215619000000000000,10774940571000000000000
8943679,2019-11-16 09:41:36 UTC,0x097c60aae876605ed36053f28d2e207d60bb55577d096dcd66f8acae104e2295,62,"transfer(address,uint256)",direct_contract_call,True,54,,53,54,increment,exact,exact,False,False,mixed_transfer_and_burn_candidate,1,1197215619000000000000,10774940571000000000000
8943682,2019-11-16 09:42:20 UTC,0x40ff4b878f370f23b118e3e5a48b686c728b20dda535e55d605c3f43e260425e,87,"transfer(address,uint256)",direct_contract_call,True,55,,54,55,increment,exact,exact,False,False,mixed_transfer_and_burn_candidate,1,1197215619000000000000,10774940571000000000000
8943682,2019-11-16 09:42:20 UTC,0xf7d6c4d8980177894cacadab5d97263942cb1aaa91d691da93ade6230131dfc7,88,"transfer(address,uint256)",direct_contract_call,True,56,,55,56,increment,exact,exact,False,False,mixed_transfer_and_burn_candidate,1,1197215619000000000000,10774940571000000000000
8943685,2019-11-16 09:43:21 UTC,0xa35431b1021765e90d5d0acb3d04c0c5bd0cbd5b5bdacc861e38c428da63b917,135,"transfer(address,uint256)",direct_contract_call,True,57,,56,57,increment,exact,exact,False,False,mixed_transfer_and_burn_candidate,1,1197215619000000000000,10774940571000000000000
8943690,2019-11-16 09:44:19 UTC,0xdda8c4c8e3c69d6a0af05c7c1c787a0c0994e1763b16049e9924e5de9fcc0446,91,"transfer(address,uint256)",direct_contract_call,True,58,,57,58,increment,exact,exact,False,False,mixed_transfer_and_burn_candidate,1,1197215619000000000000,10774940571000000000000
8943690,2019-11-16 09:44:19 UTC,0x03ec09359cd2822be28a51aedc6d1d16f5f65349e1d46af4e622da820c05e2b6,92,"transfer(address,uint256)",direct_contract_call,True,59,,58,59,increment,exact,exact,False,False,mixed_transfer_and_burn_candidate,1,1197215619000000000000,10774940571000000000000
8943690,2019-11-16 09:44:19 UTC,0xb4e3e5761b832422698fbbb36c6a472cb3d5dcfcf8c12f463d43dc1bb642da06,93,"transfer(address,uint256)",direct_contract_call,True,60,,59,60,increment,exact,exact,False,False,mixed_transfer_and_burn_candidate,1,1197215619000000000000,10774940571000000000000
8943692,2019-11-16 09:44:26 UTC,0x24e42a97d762d2311dc4e416b1bb39277c8832b2b9bf1884a4825acb190c3217,42,"transfer(address,uint256)",direct_contract_call,True,61,,60,61,increment,exact,exact,False,False,mixed_transfer_and_burn_candidate,1,1197215619000000000000,10774940571000000000000
8943694,2019-11-16 09:44:44 UTC,0x5036a6b4cf843d4e345e2ca3eb0e47971c43867307512cde8206dc1e5f600522,100,"transfer(address,uint256)",direct_contract_call,True,62,,61,62,increment,exact,exact,False,False,mixed_transfer_and_burn_candidate,1,1197215619000000000000,10774940571000000000000
8943694,2019-11-16 09:44:44 UTC,0xf86076a2e36801377e9755fa54f827e636b3232b6044d3257479c9a389388b02,101,"transfer(address,uint256)",direct_contract_call,True,63,,62,63,increment,exact,exact,False,False,mixed_transfer_and_burn_candidate,1,1197215619000000000000,10774940571000000000000
8943697,2019-11-16 09:45:19 UTC,0x18960a5757fd8c47c6960cbfddbb14ed291bddadd3e38c7a5e34d4f6bfd98c22,173,"transfer(address,uint256)",direct_contract_call,True,64,,63,64,increment,exact,exact,False,False,mixed_transfer_and_burn_candidate,1,1197215619000000000000,10774940571000000000000
8943697,2019-11-16 09:45:19 UTC,0xb15413dbb38e4bc4a51e76b74869fb6f3fdaadb78e34d8ff8660228c0f2dff7f,174,"transfer(address,uint256)",direct_contract_call,True,65,,64,65,increment,exact,exact,False,False,mixed_transfer_and_burn_candidate,1,1197215619000000000000,10774940571000000000000
8943698,2019-11-16 09:45:33 UTC,0xb4c0e41de8debf80804b335ef4ae4884cba55c920536d53e6eff2ea6ca87c5fb,137,"transfer(address,uint256)",direct_contract_call,True,66,,65,66,increment,exact,exact,False,False,mixed_transfer_and_burn_candidate,1,1197215619000000000000,10774940571000000000000
8943703,2019-11-16 09:46:33 UTC,0xde8ab3c59f2e44282afe2272bbf517f52289d4d447c6fca17eb0bce508dcff0d,216,"transfer(address,uint256)",direct_contract_call,True,67,,66,67,increment,exact,exact,False,False,mixed_transfer_and_burn_candidate,1,1197215619000000000000,10774940571000000000000
8943703,2019-11-16 09:46:33 UTC,0x018fc83878936223d5c0e3ae5023d853e99f1e7bfde5563559672583ed47a08b,217,"transfer(address,uint256)",direct_contract_call,True,68,,67,68,increment,exact,exact,False,False,mixed_transfer_and_burn_candidate,1,1197215619000000000000,10774940571000000000000
8943703,2019-11-16 09:46:33 UTC,0x0cc95a2de47ae741cbf4665c7df10df53b9b98f2359a41b3b9d8bcb6ed60c6cf,218,"transfer(address,uint256)",direct_contract_call,True,69,,68,69,increment,exact,exact,False,False,mixed_transfer_and_burn_candidate,1,1197215619000000000000,10774940571000000000000
8943708,2019-11-16 09:47:44 UTC,0x8eecb9a6c1b7f47616e7206493e397b406ccbf8c424b48f2c09739b2eab5a135,153,"transfer(address,uint256)",direct_contract_call,True,70,,69,70,increment,exact,exact,False,False,mixed_transfer_and_burn_candidate,1,1197215619000000000000,10774940571000000000000
8943708,2019-11-16 09:47:44 UTC,0x098de4c2fbee873f5e9a9e433ab14cd3c210256aa16dcbc174ff0eff8862f675,154,"transfer(address,uint256)",direct_contract_call,True,71,,70,71,increment,exact,exact,False,False,mixed_transfer_and_burn_candidate,1,1197215619000000000000,10774940571000000000000
8943710,2019-11-16 09:47:49 UTC,0xed25347f76cb0e2784fb8bec3532e5e9d64d4834adff25329c231cce9b01ceec,59,"transfer(address,uint256)",direct_contract_call,True,72,,71,72,increment,exact,exact,False,False,mixed_transfer_and_burn_candidate,1,1197215619000000000000,10774940571000000000000
8943710,2019-11-16 09:47:49 UTC,0x4b901dc0addbffbf5c7451b2a50668b6424b10fc0cb28d34e53516a25353c563,60,"transfer(address,uint256)",direct_contract_call,True,73,,72,73,increment,exact,exact,False,False,mixed_transfer_and_burn_candidate,1,1197215619000000000000,10774940571000000000000
8943710,2019-11-16 09:47:49 UTC,0xbfb1534c6307b86c93060ea90ba4b06f7d3d1f4a166ed14260b8f4fb3a147500,61,"transfer(address,uint256)",direct_contract_call,True,74,,73,74,increment,exact,exact,False,False,mixed_transfer_and_burn_candidate,1,1197215619000000000000,10774940571000000000000
8943711,2019-11-16 09:47:55 UTC,0xe1a1b40a4b53bf07ad61f5bbc9eae5c81ff93fa386d40aece957c5c086fdd7b9,114,"transfer(address,uint256)",direct_contract_call,True,75,,74,75,increment,exact,exact,False,False,mixed_transfer_and_burn_candidate,1,1197215619000000000000,10774940571000000000000
8943712,2019-11-16 09:48:08 UTC,0x7f58fbb7b2a57721454815bce9e308bd0432ffe2c76a9686cc4ef89ab5370210,116,"transfer(address,uint256)",direct_contract_call,True,76,,75,76,increment,exact,exact,False,False,mixed_transfer_and_burn_candidate,1,1197215619000000000000,10774940571000000000000
8943712,2019-11-16 09:48:08 UTC,0x126dada055a67e3116b35d128d00c4facfd4311500b1edd3c1a51503e2817285,117,"transfer(address,uint256)",direct_contract_call,True,77,,76,77,increment,exact,exact,False,False,mixed_transfer_and_burn_candidate,1,1197215619000000000000,10774940571000000000000
8943712,2019-11-16 09:48:08 UTC,0x8cad1108910abcf04987c76dba8dd152b7518f417c00d71a0f6318e871241811,118,"transfer(address,uint256)",direct_contract_call,True,78,,77,78,increment,exact,exact,False,False,mixed_transfer_and_burn_candidate,1,1197215619000000000000,10774940571000000000000
8943712,2019-11-16 09:48:08 UTC,0x0a50d7de1a843b9b70405d4216f90fcc6d820ad1a7fc4292be6ad2f44a2b5f16,119,"transfer(address,uint256)",direct_contract_call,True,79,,78,79,increment,exact,exact,False,False,mixed_transfer_and_burn_candidate,1,1197215619000000000000,10774940571000000000000
8943712,2019-11-16 09:48:08 UTC,0xdba83f0d136696ead2f53743e357db80b4655278c5926194fb641f40fd5300b8,120,"transfer(address,uint256)",direct_contract_call,True,80,,79,80,increment,exact,exact,False,False,mixed_transfer_and_burn_candidate,1,1197215619000000000000,10774940571000000000000
8943713,2019-11-16 09:48:28 UTC,0xb80ebe6ea051bb4943821fda8d214c21306b94b0ecac6f5389a2a513d4bd4466,29,"transfer(address,uint256)",direct_contract_call,True,81,,80,81,increment,exact,exact,False,False,mixed_transfer_and_burn_candidate,1,1197215619000000000000,10774940571000000000000
8943713,2019-11-16 09:48:28 UTC,0xff6b66d8a80caec1c0525b3c2e7cc8a7088583bc6b38e94cbabfe1e7a107bffc,30,"transfer(address,uint256)",direct_contract_call,True,82,,81,82,increment,exact,exact,False,False,mixed_transfer_and_burn_candidate,1,1197215619000000000000,10774940571000000000000
8943715,2019-11-16 09:49:12 UTC,0xa4cbae3077dc2b8672d8fa99d32e83bb74915f2ef1afcde0a8aa5402eb266ed8,167,"transfer(address,uint256)",direct_contract_call,True,83,,82,83,increment,exact,exact,False,False,mixed_transfer_and_burn_candidate,1,1197215619000000000000,10774940571000000000000
8943715,2019-11-16 09:49:12 UTC,0xe7d5d514019d1ca194a1b7ec29b552d42be0262bfe8f2983f1ad5e36c4754572,168,"transfer(address,uint256)",direct_contract_call,True,84,,83,84,increment,exact,exact,False,False,mixed_transfer_and_burn_candidate,1,1197215619000000000000,10774940571000000000000
8943718,2019-11-16 09:49:42 UTC,0x85cda924859614e379569dd4d3a3898f04edd4588a183f6bc7293ccdac2aee09,42,"transfer(address,uint256)",direct_contract_call,True,85,,84,85,increment,exact,exact,False,False,mixed_transfer_and_burn_candidate,1,1197215619000000000000,10774940571000000000000
8943718,2019-11-16 09:49:42 UTC,0x384d315feb133ff34109ec19df0a71371c07b94c178eaebc054e5b7662bbb226,43,"transfer(address,uint256)",direct_contract_call,True,86,,85,86,increment,exact,exact,False,False,mixed_transfer_and_burn_candidate,1,1197215619000000000000,10774940571000000000000
8943718,2019-11-16 09:49:42 UTC,0x759417af7af9978a727b4e7be07a240bb7ed1fedd9b6c7623ea8132ed383a222,44,"transfer(address,uint256)",direct_contract_call,True,87,,86,87,increment,exact,exact,False,False,mixed_transfer_and_burn_candidate,1,1197215619000000000000,10774940571000000000000
8943720,2019-11-16 09:49:53 UTC,0x964e6592e3351cd766938d1f0f171553e26bbf5cc656e1232e318fa662d18dd9,47,"transfer(address,uint256)",direct_contract_call,True,88,,87,88,increment,exact,exact,False,False,mixed_transfer_and_burn_candidate,1,1197215619000000000000,10774940571000000000000
8943720,2019-11-16 09:49:53 UTC,0x23a28d16a7b051f08b2e4fea0d20f40195ad16eeaaac2031d455895d34be43c6,48,"transfer(address,uint256)",direct_contract_call,True,89,,88,89,increment,exact,exact,False,False,mixed_transfer_and_burn_candidate,1,1197215619000000000000,10774940571000000000000
8943722,2019-11-16 09:50:06 UTC,0x496510dad2842d4d5e390129acb3b62f38bc06a7e20c35c76495bf8ea3897758,129,"transfer(address,uint256)",direct_contract_call,True,90,,89,90,increment,exact,exact,False,False,mixed_transfer_and_burn_candidate,1,1197215619000000000000,10774940571000000000000
8943722,2019-11-16 09:50:06 UTC,0xe4e60d8e5db35afe21eeffa05073c17d4cea612b7f90a0f110153728d3a1d6a9,130,"transfer(address,uint256)",direct_contract_call,True,91,,90,91,increment,exact,exact,False,False,mixed_transfer_and_burn_candidate,1,1197215619000000000000,10774940571000000000000
8943737,2019-11-16 09:54:19 UTC,0x9bfc0a64377d08d3887710a7c2839db7d4ac826b91ab4cd1640677ecefd5025a,69,"transfer(address,uint256)",direct_contract_call,True,92,,91,92,increment,exact,exact,False,False,mixed_transfer_and_burn_candidate,1,1197215619000000000000,10774940571000000000000
8943737,2019-11-16 09:54:19 UTC,0x21d33c5651010e0fc79400bd09027a7fc8609da688c990c83287c8c7b8686bad,70,"transfer(address,uint256)",direct_contract_call,True,93,,92,93,increment,exact,exact,False,False,mixed_transfer_and_burn_candidate,1,1197215619000000000000,10774940571000000000000
8943737,2019-11-16 09:54:19 UTC,0x793e378c9ebab62dfcf36c6b9c7c7161081b9e1dcc8d9928aeb34e5507ceb777,71,"transfer(address,uint256)",direct_contract_call,True,94,,93,94,increment,exact,exact,False,False,mixed_transfer_and_burn_candidate,1,1197215619000000000000,10774940571000000000000
8943737,2019-11-16 09:54:19 UTC,0xc68a4d20b16edd09eb4791b39f832cf6baf452a285a9a0473b9b489fa4a79846,72,"transfer(address,uint256)",direct_contract_call,True,95,,94,95,increment,exact,exact,False,False,mixed_transfer_and_burn_candidate,1,1197215619000000000000,10774940571000000000000
8943738,2019-11-16 09:54:30 UTC,0x7dd31e4f2f4dd32768ee45a55cf2e3f8693573dd3cdef00176145672d59b6070,163,"transfer(address,uint256)",direct_contract_call,True,96,,95,96,increment,exact,exact,False,False,mixed_transfer_and_burn_candidate,1,1197215619000000000000,10774940571000000000000
8943738,2019-11-16 09:54:30 UTC,0x15defc80f2140efe3a88364f317e619403235c730ef3ab4968a9342250d73d97,164,"transfer(address,uint256)",direct_contract_call,True,97,,96,97,increment,exact,exact,False,False,mixed_transfer_and_burn_candidate,1,1197215619000000000000,10774940571000000000000
8943738,2019-11-16 09:54:30 UTC,0x21a2e9f0c844d218f487d2c9cf2c2d68af5f7c7b9ec5d58b1961e0caaecb03dd,165,"transfer(address,uint256)",direct_contract_call,True,98,,97,98,increment,exact,exact,False,False,mixed_transfer_and_burn_candidate,1,1197215619000000000000,10774940571000000000000
8943738,2019-11-16 09:54:30 UTC,0x9d2e9bd6365ecac7434cfe82a996bdfcef278bdfb5cc3337da78cfd74706e002,166,"transfer(address,uint256)",direct_contract_call,True,99,,98,99,increment,exact,exact,False,False,mixed_transfer_and_burn_candidate,1,1197215619000000000000,10774940571000000000000
8943739,2019-11-16 09:54:41 UTC,0x02b412ed861617a5d9a23479e472f6f20030d645d6f967ee9a013b91304fc0a4,24,"transfer(address,uint256)",direct_contract_call,True,100,,99,100,increment,exact,exact,False,False,mixed_transfer_and_burn_candidate,1,1197215619000000000000,10774940571000000000000
8943739,2019-11-16 09:54:41 UTC,0x9d81da2e3a66f558eb5461c4a16732780956b3d590b6bf0b65784e2b18d1b41d,25,"transfer(address,uint256)",direct_contract_call,True,101,,100,101,increment,exact,exact,False,False,mixed_transfer_and_burn_candidate,1,1197215619000000000000,10774940571000000000000
8943742,2019-11-16 09:55:44 UTC,0xcc33c3a16b4c66669000d7321642712004392f7fadefb1b261e4779f57a07ebe,146,"transfer(address,uint256)",direct_contract_call,True,102,,101,102,increment,exact,exact,False,False,mixed_transfer_and_burn_candidate,1,1197215619000000000000,10774940571000000000000
8943743,2019-11-16 09:55:49 UTC,0x0875e3774b548d17a4f4ae056301540b999ccf84e3ba08f484c9cce38da1bb56,113,"transfer(address,uint256)",direct_contract_call,True,103,,102,103,increment,exact,exact,False,False,mixed_transfer_and_burn_candidate,1,1197215619000000000000,10774940571000000000000
8943743,2019-11-16 09:55:49 UTC,0xe19e278e4b33351b049a36f0487b5fc625e20eb95e16a1138beb80f6a01aa402,114,"transfer(address,uint256)",direct_contract_call,True,104,,103,104,increment,exact,exact,False,False,mixed_transfer_and_burn_candidate,1,1197215619000000000000,10774940571000000000000
8943743,2019-11-16 09:55:49 UTC,0xd07b3eceeec345fe4728f11f9a9603d46bb0d43ff2ec185e38b84220e04b5504,115,"transfer(address,uint256)",direct_contract_call,True,105,,104,105,increment,exact,exact,False,False,mixed_transfer_and_burn_candidate,1,1197215619000000000000,10774940571000000000000
8943745,2019-11-16 09:55:58 UTC,0x1b8123acfdce3e7620094bd4df3950617ecb9ad687e0e6c2acd4c59c861aa7fe,23,"transfer(address,uint256)",direct_contract_call,True,106,,105,106,increment,exact,exact,False,False,mixed_transfer_and_burn_candidate,1,1197215619000000000000,10774940571000000000000
8943748,2019-11-16 09:56:29 UTC,0x22bd01aeab35ce128a677341550f34e2cf59d7843c22d5e9796a888eea080f94,96,"transfer(address,uint256)",direct_contract_call,True,107,,106,107,increment,exact,exact,False,False,mixed_transfer_and_burn_candidate,1,1197215619000000000000,10774940571000000000000
8943751,2019-11-16 09:56:57 UTC,0xb1ac3aeb047ffdde079cce61451bc27eec2559ebe06f6f55c694a17e9604f216,80,"transfer(address,uint256)",direct_contract_call,True,108,,107,108,increment,exact,exact,False,False,mixed_transfer_and_burn_candidate,1,1197215619000000000000,10774940571000000000000
8943751,2019-11-16 09:56:57 UTC,0x25d6fb4c952282e05adbf3af96cd10b023156f202bf0417ebc53a3d5ccd444ef,81,"transfer(address,uint256)",direct_contract_call,True,109,,108,109,increment,exact,exact,False,False,mixed_transfer_and_burn_candidate,1,1197215619000000000000,10774940571000000000000
8943751,2019-11-16 09:56:57 UTC,0xa7c3acadfddbf8ea79c28c630bdc7c66758ee2a116a622817e5696e70f7afa0f,82,"transfer(address,uint256)",direct_contract_call,True,110,,109,110,increment,exact,exact,False,False,mixed_transfer_and_burn_candidate,1,1197215619000000000000,10774940571000000000000
8943751,2019-11-16 09:56:57 UTC,0x28aa0bda84feed98dc0ed0695d8587aa94839b69b4bc579414f9f54f81d411ef,83,"transfer(address,uint256)",direct_contract_call,True,111,,110,111,increment,exact,exact,False,False,mixed_transfer_and_burn_candidate,1,1197215619000000000000,10774940571000000000000
8943751,2019-11-16 09:56:57 UTC,0x6efbb1d8430f14f2b8cdc7152542c81a4860bc55e76031aef4bdfe37fef3facf,84,"transfer(address,uint256)",direct_contract_call,True,112,,111,112,increment,exact,exact,False,False,mixed_transfer_and_burn_candidate,1,1197215619000000000000,10774940571000000000000
8943751,2019-11-16 09:56:57 UTC,0x09e3b49fbf1a73b2d4a6c177ae355943fc42ca48aa3f7701dc24dfed6f71d5a6,85,"transfer(address,uint256)",direct_contract_call,True,113,,112,113,increment,exact,exact,False,False,mixed_transfer_and_burn_candidate,1,1197215619000000000000,10774940571000000000000
8943758,2019-11-16 09:58:40 UTC,0x13c9db5f7a1fe10fd045187fe5502e628ac1905c4173e060f2ffc9fe89caa322,188,"transfer(address,uint256)",direct_contract_call,True,114,,113,114,increment,exact,exact,False,False,mixed_transfer_and_burn_candidate,1,1197215619000000000000,10774940571000000000000
8943766,2019-11-16 10:00:14 UTC,0xa7724842aa11e7e0eaf9da22bd99db6130f4ea72b6fda563a9263a22806763b2,59,"transfer(address,uint256)",direct_contract_call,True,115,,114,115,increment,exact,exact,False,False,mixed_transfer_and_burn_candidate,1,1197215619000000000000,10774940571000000000000
8943766,2019-11-16 10:00:14 UTC,0x27b274aff55d4a43e0cfdb1af1b04a4e28b8d33f82ba5b9820544d339f07e407,60,"transfer(address,uint256)",direct_contract_call,True,116,,115,116,increment,exact,exact,False,False,mixed_transfer_and_burn_candidate,1,1197215619000000000000,10774940571000000000000
8943768,2019-11-16 10:00:19 UTC,0x154591b2e5f92cb1f785bba98e90d00aa545302403bae1f311a76a52605513ab,29,"transfer(address,uint256)",direct_contract_call,True,117,,116,117,increment,exact,exact,False,False,mixed_transfer_and_burn_candidate,1,1197215619000000000000,10774940571000000000000
8943768,2019-11-16 10:00:19 UTC,0x62e3fc6b2e16f2b688538fc4883048e3c4e83130e2b275ef415258ea94bd7932,30,"transfer(address,uint256)",direct_contract_call,True,118,,117,118,increment,exact,exact,False,False,mixed_transfer_and_burn_candidate,1,1197215619000000000000,10774940571000000000000
8943768,2019-11-16 10:00:19 UTC,0xd50eb4a751b730a74626d736f54a6e89e3c1b6f6ef4d1e1c148fb84a845daa0d,31,"transfer(address,uint256)",direct_contract_call,True,119,,118,119,increment,exact,exact,False,False,mixed_transfer_and_burn_candidate,1,1197215619000000000000,10774940571000000000000
8943770,2019-11-16 10:00:40 UTC,0xa6eb67bcff2848d5eb047bf4a8860de024c02f2619d4343adee6e88dba247e7d,207,"transfer(address,uint256)",direct_contract_call,True,120,,119,120,increment,exact,exact,False,False,mixed_transfer_and_burn_candidate,1,1197215619000000000000,10774940571000000000000
8943770,2019-11-16 10:00:40 UTC,0x83122459720e6635d09dd75d306278f7756dfcf81555db1453ab8f0746d00a5b,208,"transfer(address,uint256)",direct_contract_call,True,121,,120,121,increment,exact,exact,False,False,mixed_transfer_and_burn_candidate,1,1197215619000000000000,10774940571000000000000
8943771,2019-11-16 10:00:57 UTC,0x8b414cb8ed5df4ebbd91131ac0f00a2a9bf168fa312fe7aa55dd852f0fedaebe,40,"transfer(address,uint256)",direct_contract_call,True,122,,121,122,increment,exact,exact,False,False,mixed_transfer_and_burn_candidate,1,1197215619000000000000,10774940571000000000000
8943774,2019-11-16 10:01:39 UTC,0x81969f010744d2258eb2b990e61759dcc5028c396d7d6cf66d2f3907e36352bf,64,"transfer(address,uint256)",direct_contract_call,True,123,,122,123,increment,exact,exact,False,False,mixed_transfer_and_burn_candidate,1,1197215619000000000000,10774940571000000000000
8943774,2019-11-16 10:01:39 UTC,0x2b84da6e37fbc9cd5fd843746655c9efb645bc61cc1a1154a1436612fdb5a6ca,65,"transfer(address,uint256)",direct_contract_call,True,124,,123,124,increment,exact,exact,False,False,mixed_transfer_and_burn_candidate,1,1197215619000000000000,10774940571000000000000
8943778,2019-11-16 10:02:09 UTC,0xb82d7535cab49b4114d1faef3b2d74c18a3c336036b6c4c943b17563efbf4c9b,126,"transfer(address,uint256)",direct_contract_call,True,125,,124,125,increment,exact,exact,False,False,mixed_transfer_and_burn_candidate,1,1197215619000000000000,10774940571000000000000
8943778,2019-11-16 10:02:09 UTC,0xd62b32af93344d17c26196b0cb958ccdf961e7a689f799268019cd3306e60459,127,"transfer(address,uint256)",direct_contract_call,True,126,,125,126,increment,exact,exact,False,False,mixed_transfer_and_burn_candidate,1,1197215619000000000000,10774940571000000000000
8943779,2019-11-16 10:02:16 UTC,0xffb5e752d543da6ba48eb8a33009fcc98854b743d2e73ff1ebadcfaf54bad221,145,"transfer(address,uint256)",direct_contract_call,True,127,,126,127,increment,exact,exact,False,False,mixed_transfer_and_burn_candidate,1,1197215619000000000000,10774940571000000000000
8943779,2019-11-16 10:02:16 UTC,0xa075a16994dc02c8903c110597c2abe73c7d45ee4f25453159f6af3f39cb1996,146,"transfer(address,uint256)",direct_contract_call,True,128,,127,128,increment,exact,exact,False,False,mixed_transfer_and_burn_candidate,1,1197215619000000000000,10774940571000000000000
8943779,2019-11-16 10:02:16 UTC,0xb1051df2bd1ab5e8d5abcb2d6cd063fa9565917baee0dc57775d9a3b9c42e484,147,"transfer(address,uint256)",direct_contract_call,True,129,,128,129,increment,exact,exact,False,False,mixed_transfer_and_burn_candidate,1,1197215619000000000000,10774940571000000000000
8943784,2019-11-16 10:03:59 UTC,0x254bfc9f68598eb7d3e3fb96e03f6bf394678876cf832a662720a60a741f61df,142,"transfer(address,uint256)",direct_contract_call,True,130,,129,130,increment,exact,exact,False,False,mixed_transfer_and_burn_candidate,1,1197215619000000000000,10774940571000000000000
8943784,2019-11-16 10:03:59 UTC,0xdc70a337d58b024fba94b6b76dd18f2dd0cfaf10fa0dd90a604a46992c522c4f,143,"transfer(address,uint256)",direct_contract_call,True,131,,130,131,increment,exact,exact,False,False,mixed_transfer_and_burn_candidate,1,1197215619000000000000,10774940571000000000000
8943784,2019-11-16 10:03:59 UTC,0xc9a7731e10004b068619b951a52e1dbdd979b41385362aa7aeeab9210e5742cd,144,"transfer(address,uint256)",direct_contract_call,True,132,,131,132,increment,exact,exact,False,False,mixed_transfer_and_burn_candidate,1,1197215619000000000000,10774940571000000000000
8943786,2019-11-16 10:04:28 UTC,0x032c9b1e875c49cbb31fa92131c3efb25e43ae97196fa75224f9a37c01a99afe,74,"transfer(address,uint256)",direct_contract_call,True,133,,132,133,increment,exact,exact,False,False,mixed_transfer_and_burn_candidate,1,1197215619000000000000,10774940571000000000000
8943786,2019-11-16 10:04:28 UTC,0xa24ceb6ad6ebe818d36b31dd6eb5caf8fd7b1d894b524a6c620ac69f5e9bd249,75,"transfer(address,uint256)",direct_contract_call,True,134,,133,134,increment,exact,exact,False,False,mixed_transfer_and_burn_candidate,1,1197215619000000000000,10774940571000000000000
8943789,2019-11-16 10:04:33 UTC,0x5cfa68425d6df58de40b62425334e0aff9bf4a6876fddb41e648cd3b3fe4791a,16,"transfer(address,uint256)",direct_contract_call,True,135,,134,135,increment,exact,exact,False,False,mixed_transfer_and_burn_candidate,1,1197215619000000000000,10774940571000000000000
8943789,2019-11-16 10:04:33 UTC,0xfd552ab9a4b87266897af7328c7ec91ea0cdb7f0104041383946ea84b8175dd3,17,"transfer(address,uint256)",direct_contract_call,True,136,,135,136,increment,exact,exact,False,False,mixed_transfer_and_burn_candidate,1,1197215619000000000000,10774940571000000000000
8943794,2019-11-16 10:05:50 UTC,0x1f4cad30f532679738cc018318b832aacdb16c231236dcd4729dfca0a037735b,15,"transfer(address,uint256)",direct_contract_call,True,137,,136,137,increment,exact,exact,False,False,mixed_transfer_and_burn_candidate,1,1197215619000000000000,10774940571000000000000
8943795,2019-11-16 10:05:56 UTC,0x9739fd5d75239979556f343c9351965d3df438bb0e86d98cd3bf761e53aa662e,85,"transfer(address,uint256)",direct_contract_call,True,138,,137,138,increment,exact,exact,False,False,mixed_transfer_and_burn_candidate,1,1197215619000000000000,10774940571000000000000
8943796,2019-11-16 10:06:02 UTC,0x525b845ef1950be679af9c30455d0742aedd4b12c23a156020751c2655495ad6,106,"transfer(address,uint256)",direct_contract_call,True,139,,138,139,increment,exact,exact,False,False,mixed_transfer_and_burn_candidate,1,1197215619000000000000,10774940571000000000000
8943796,2019-11-16 10:06:02 UTC,0xd5a86b111b5aef0344f3c5ef35067bbb4e17a9c39ee034b633b9bee882fddd18,107,"transfer(address,uint256)",direct_contract_call,True,140,,139,140,increment,exact,exact,False,False,mixed_transfer_and_burn_candidate,1,1197215619000000000000,10774940571000000000000
8943796,2019-11-16 10:06:02 UTC,0x1f2a9a12921e08a31e8eadc4365902038190ec76c76a41c1747f30860df7eba4,108,"transfer(address,uint256)",direct_contract_call,True,141,,140,141,increment,exact,exact,False,False,mixed_transfer_and_burn_candidate,1,1197215619000000000000,10774940571000000000000
8943797,2019-11-16 10:06:08 UTC,0x2bd4e7bbfa79f2cb0bbba8cab85c1c99ba197f791d468129ab6201c8b32fc9ea,44,"transfer(address,uint256)",direct_contract_call,True,142,,141,142,increment,exact,exact,False,False,mixed_transfer_and_burn_candidate,1,1197215619000000000000,10774940571000000000000
8943797,2019-11-16 10:06:08 UTC,0xeee62cbf069affd61161983a2130a22ea076251312737264369ede9d6c44ddba,45,"transfer(address,uint256)",direct_contract_call,True,143,,142,143,increment,exact,exact,False,False,mixed_transfer_and_burn_candidate,1,1197215619000000000000,10774940571000000000000
8943798,2019-11-16 10:06:12 UTC,0x12ccc772976e29f1d6bf54ac44b9cb51dc86200510fe3fdc70344b5ef82f8793,67,"transfer(address,uint256)",direct_contract_call,True,144,,143,144,increment,exact,exact,False,False,mixed_transfer_and_burn_candidate,1,1197215619000000000000,10774940571000000000000
8943798,2019-11-16 10:06:12 UTC,0x4b20a6271afe689cf1967f63c880fd78df9307f828f6e349bd053de4974b0e03,68,"transfer(address,uint256)",direct_contract_call,True,145,,144,145,increment,exact,exact,False,False,mixed_transfer_and_burn_candidate,1,1197215619000000000000,10774940571000000000000
8943798,2019-11-16 10:06:12 UTC,0x7035aae25080474489365f87beb239eec73e2c565a27e58f4574c074f195791d,69,"transfer(address,uint256)",direct_contract_call,True,146,,145,146,increment,exact,exact,False,False,mixed_transfer_and_burn_candidate,1,1197215619000000000000,10774940571000000000000
8943798,2019-11-16 10:06:12 UTC,0xa664b33533f781533a20ae6f94cc58e007715c1788ca0e8ac65cd7788b586666,70,"transfer(address,uint256)",direct_contract_call,True,147,,146,147,increment,exact,exact,False,False,mixed_transfer_and_burn_candidate,1,1197215619000000000000,10774940571000000000000
8943799,2019-11-16 10:06:24 UTC,0xeb207be804e08ff00163bdd5ad6438217c3254e8b16ea7c927f272fbab9223f5,157,"transfer(address,uint256)",direct_contract_call,True,148,,147,148,increment,exact,exact,False,False,mixed_transfer_and_burn_candidate,1,1197215619000000000000,10774940571000000000000
8943801,2019-11-16 10:06:50 UTC,0x8e648fca1f7fdbe846134a3b01774077b2a4d3e20baddc2538cb44fb5efa303a,23,"transfer(address,uint256)",direct_contract_call,True,149,,148,149,increment,exact,exact,False,False,mixed_transfer_and_burn_candidate,1,1197215619000000000000,10774940571000000000000
8943801,2019-11-16 10:06:50 UTC,0x9fa1bf6d0d52f4aa731f9352b041065a2f08c941f7e55129acefcf522e5b3256,24,"transfer(address,uint256)",direct_contract_call,True,150,,149,150,increment,exact,exact,False,False,mixed_transfer_and_burn_candidate,1,1197215619000000000000,10774940571000000000000
8943803,2019-11-16 10:07:18 UTC,0xe0d42402cc1c36b192bf4aa983e958a6755a349ce14775b740e6c6c122f46013,54,"transfer(address,uint256)",direct_contract_call,True,151,,150,151,increment,exact,exact,False,False,mixed_transfer_and_burn_candidate,1,1197215619000000000000,10774940571000000000000
8943804,2019-11-16 10:07:21 UTC,0x51591b940a2825d2166d4b85467fb4bc317fd48d31032d5701637a9b3141e30f,104,"transfer(address,uint256)",direct_contract_call,True,152,,151,152,increment,exact,exact,False,False,mixed_transfer_and_burn_candidate,1,1197215619000000000000,10774940571000000000000
8943806,2019-11-16 10:07:38 UTC,0x3adfb33be4ff909a3171ddafce7a6bdb195fcde28096b8854ed29fc2902b2774,16,"transfer(address,uint256)",direct_contract_call,True,153,,152,153,increment,exact,exact,False,False,mixed_transfer_and_burn_candidate,1,1197215619000000000000,10774940571000000000000
8943806,2019-11-16 10:07:38 UTC,0x7faafb212a82ebd8613f9b1f5d9432b4756a948b42655003ffb7207b98d0cd0f,17,"transfer(address,uint256)",direct_contract_call,True,154,,153,154,increment,exact,exact,False,False,mixed_transfer_and_burn_candidate,1,1197215619000000000000,10774940571000000000000
8943807,2019-11-16 10:07:44 UTC,0xd0a625b33a2690191c3950f2a5ccb86593a0d5bb1da03846016ef26cd94e636a,85,"transfer(address,uint256)",direct_contract_call,True,155,,154,155,increment,exact,exact,False,False,mixed_transfer_and_burn_candidate,1,1197215619000000000000,10774940571000000000000
8943807,2019-11-16 10:07:44 UTC,0x944c10c719c179bf6296bd30c69be69a239f79dc82dec5b187282cf89012d1e1,86,"transfer(address,uint256)",direct_contract_call,True,156,,155,156,increment,exact,exact,False,False,mixed_transfer_and_burn_candidate,1,1197215619000000000000,10774940571000000000000
8943809,2019-11-16 10:07:52 UTC,0x37606c19bb09886bce9fa6a348c76c1bb6571b4b593bdc375ef890061b8f5cf9,28,"transfer(address,uint256)",direct_contract_call,True,157,,156,157,increment,exact,exact,False,False,mixed_transfer_and_burn_candidate,1,1197215619000000000000,10774940571000000000000
8943809,2019-11-16 10:07:52 UTC,0xa5c17fac55d2ef84aa1304066e4cde9cd443ce4af42aee84cd2ff0b69f2ba43b,29,"transfer(address,uint256)",direct_contract_call,True,158,,157,158,increment,exact,exact,False,False,mixed_transfer_and_burn_candidate,1,1197215619000000000000,10774940571000000000000
8943811,2019-11-16 10:08:03 UTC,0x61e17aa1a24bf1684f90fce7178e8fa3fd77061024d6b06675c1302d7a3ec18e,72,"transfer(address,uint256)",direct_contract_call,True,159,,158,159,increment,exact,exact,False,False,mixed_transfer_and_burn_candidate,1,1197215619000000000000,10774940571000000000000
8943814,2019-11-16 10:09:01 UTC,0xd40aa66e275b9be17e289866917e294fa3ef4a0aee5ad5ce7eea43f35fd60332,16,"transfer(address,uint256)",direct_contract_call,True,160,,159,160,increment,exact,exact,False,False,mixed_transfer_and_burn_candidate,1,1197215619000000000000,10774940571000000000000
8943814,2019-11-16 10:09:01 UTC,0x799255ac289d5cb21676518ded83d4bf379bdfc82d9c41d16a885855c50818d9,17,"transfer(address,uint256)",direct_contract_call,True,161,,160,161,increment,exact,exact,False,False,mixed_transfer_and_burn_candidate,1,1197215619000000000000,10774940571000000000000
8943816,2019-11-16 10:09:19 UTC,0xbbabe191a3da5ca88784d748b318e40e926566bb57c0339c270d0d6167b0a8fd,98,"transfer(address,uint256)",direct_contract_call,True,162,,161,162,increment,exact,exact,False,False,mixed_transfer_and_burn_candidate,1,1197215619000000000000,10774940571000000000000
8943816,2019-11-16 10:09:19 UTC,0x80d75d39f6a8715d86b5de8ac78de92b3af76b75699ec00b56f454649955b9cf,99,"transfer(address,uint256)",direct_contract_call,True,163,,162,163,increment,exact,exact,False,False,mixed_transfer_and_burn_candidate,1,1197215619000000000000,10774940571000000000000
8943818,2019-11-16 10:09:23 UTC,0x76e76279d6c76b9a9e4e81ec0d7556f92ff0e42aec6ce26748d7b07874e6e9f1,26,"transfer(address,uint256)",direct_contract_call,True,164,,163,164,increment,exact,exact,False,False,mixed_transfer_and_burn_candidate,1,1197215619000000000000,10774940571000000000000
8943818,2019-11-16 10:09:23 UTC,0x8613915989e3c9201ed8a7941728739dd0e9f0a809c46587d120423cf2cd3b97,27,"transfer(address,uint256)",direct_contract_call,True,165,,164,165,increment,exact,exact,False,False,mixed_transfer_and_burn_candidate,1,1197215619000000000000,10774940571000000000000
8943822,2019-11-16 10:10:44 UTC,0xa6fa570cbe75b1dcb5d84f9bd44178e9bce6fff83180d1e71fee6707071ed5f1,166,"transfer(address,uint256)",direct_contract_call,True,166,,165,166,increment,exact,exact,False,False,mixed_transfer_and_burn_candidate,1,1197215619000000000000,10774940571000000000000
8943824,2019-11-16 10:11:27 UTC,0xc7681805fe7ebf42c897c4122b48bd813934c271f23daabf1e99fd11e0b113c5,167,"transfer(address,uint256)",direct_contract_call,True,167,,166,167,increment,exact,exact,False,False,mixed_transfer_and_burn_candidate,1,1197215619000000000000,10774940571000000000000
8943824,2019-11-16 10:11:27 UTC,0xbddc8dbc00c57e865198bf5db870d12a99d8cca063cfad13c3f059e90dd8b3a1,168,"transfer(address,uint256)",direct_contract_call,True,168,,167,168,increment,exact,exact,False,False,mixed_transfer_and_burn_candidate,1,1197215619000000000000,10774940571000000000000
8943824,2019-11-16 10:11:27 UTC,0xf06a175fcd9dfafad9b940b3b2bae5c28e4befe65db923ef8d4bfe4dd6607aac,169,"transfer(address,uint256)",direct_contract_call,True,169,,168,169,increment,exact,exact,False,False,mixed_transfer_and_burn_candidate,1,1197215619000000000000,10774940571000000000000
8943825,2019-11-16 10:11:35 UTC,0xfbab65dd9ec8f66b2df0d00cb33802fc42bd8b32909f0712c81b266a45783dd1,31,"transfer(address,uint256)",direct_contract_call,True,170,,169,170,increment,exact,exact,False,False,mixed_transfer_and_burn_candidate,1,1197215619000000000000,10774940571000000000000
8943826,2019-11-16 10:11:42 UTC,0xd3f98d0aa26b402d72f530174fb28d208ac35470ee1ce634944267e161a9c1a6,18,"transfer(address,uint256)",direct_contract_call,True,171,,170,171,increment,exact,exact,False,False,mixed_transfer_and_burn_candidate,1,1197215619000000000000,10774940571000000000000
8943827,2019-11-16 10:11:56 UTC,0xabca434d6e3d4edb5485ddf94ba39da67c16789905a83810824a3f55a67a8530,60,"transfer(address,uint256)",direct_contract_call,True,172,,171,172,increment,exact,exact,False,False,mixed_transfer_and_burn_candidate,1,1197215619000000000000,10774940571000000000000
8943831,2019-11-16 10:13:07 UTC,0x0ef0899cd6aa8bb8a69285a7da886c8104b93bb74e658af376c162aed3aad658,91,"transfer(address,uint256)",direct_contract_call,True,173,,172,173,increment,exact,exact,False,False,mixed_transfer_and_burn_candidate,1,1197215619000000000000,10774940571000000000000
8943833,2019-11-16 10:13:53 UTC,0xfbeca3e49d0fb35938904a6d6ac1c1caf23b20b0ff73d35614d1a9cb45ef927a,46,"transfer(address,uint256)",direct_contract_call,True,174,,173,174,increment,exact,exact,False,False,mixed_transfer_and_burn_candidate,1,1197215619000000000000,10774940571000000000000
8943833,2019-11-16 10:13:53 UTC,0x152c8c81cd2b5edcc7d3cf150e1f1ce2f507fb20f5fa42bf308bf047f53a0887,47,"transfer(address,uint256)",direct_contract_call,True,175,,174,175,increment,exact,exact,False,False,mixed_transfer_and_burn_candidate,1,1197215619000000000000,10774940571000000000000
8943835,2019-11-16 10:14:36 UTC,0x289e87c3807c65a6b55aeb8f3e46b81ec6ad476d4c528165cdd7335d01bf180e,86,"transfer(address,uint256)",direct_contract_call,True,176,,175,176,increment,exact,exact,False,False,mixed_transfer_and_burn_candidate,1,1197215619000000000000,10774940571000000000000
8943835,2019-11-16 10:14:36 UTC,0xa8530797585dce1bcb57d48b8920ee8cf00b7dd3cce28f288611d0520aed0836,87,"transfer(address,uint256)",direct_contract_call,True,177,,176,177,increment,exact,exact,False,False,mixed_transfer_and_burn_candidate,1,1197215619000000000000,10774940571000000000000
8943836,2019-11-16 10:14:39 UTC,0x77dbf975903e1ace273005f98d8f41e09294e11b6f1bc1674952485e5e71c2d1,119,"transfer(address,uint256)",direct_contract_call,True,178,,177,178,increment,exact,exact,False,False,mixed_transfer_and_burn_candidate,1,1197215619000000000000,10774940571000000000000
8943836,2019-11-16 10:14:39 UTC,0xb5c23ec3d3c3b235646afa5d39bce3c3fbc6a73727f9d14dbd92d23949450215,120,"transfer(address,uint256)",direct_contract_call,True,179,,178,179,increment,exact,exact,False,False,mixed_transfer_and_burn_candidate,1,1197215619000000000000,10774940571000000000000
8943836,2019-11-16 10:14:39 UTC,0x4bad89c9c24707ced542521a62c997648db875a7c0b1150c4755c2682a679c60,121,"transfer(address,uint256)",direct_contract_call,True,180,,179,180,increment,exact,exact,False,False,mixed_transfer_and_burn_candidate,1,1197215619000000000000,10774940571000000000000
8943837,2019-11-16 10:15:00 UTC,0xb60a55cbe34eab14030b2d47d67308fe75085c6a95411f56e5798b2bea55791f,24,"transfer(address,uint256)",direct_contract_call,True,181,,180,181,increment,exact,exact,False,False,mixed_transfer_and_burn_candidate,1,1197215619000000000000,10774940571000000000000
8943837,2019-11-16 10:15:00 UTC,0x8ac00d75c788ff28e3d49f859482914f428f613d892f6cd4e4bfc401696f3bc6,25,"transfer(address,uint256)",direct_contract_call,True,182,,181,182,increment,exact,exact,False,False,mixed_transfer_and_burn_candidate,1,1197215619000000000000,10774940571000000000000
8943839,2019-11-16 10:15:14 UTC,0x5d9e6fc1b7e821cb90cc41b2e6f4c22c991c43f774e5814cfaa33ba083981a0c,53,"transfer(address,uint256)",direct_contract_call,True,183,,182,183,increment,exact,exact,False,False,mixed_transfer_and_burn_candidate,1,1197215619000000000000,10774940571000000000000
8943839,2019-11-16 10:15:14 UTC,0x0bd4d07518f385bdacbdc8ede06875e8c77dc6ffcfb5173b9154b41468c09230,54,"transfer(address,uint256)",direct_contract_call,True,184,,183,184,increment,exact,exact,False,False,mixed_transfer_and_burn_candidate,1,1197215619000000000000,10774940571000000000000
8943839,2019-11-16 10:15:14 UTC,0x38c69fb21504538162baaeaba1b8ca8bbb024c93898c79c42f711fcc91edb911,55,"transfer(address,uint256)",direct_contract_call,True,185,,184,185,increment,exact,exact,False,False,mixed_transfer_and_burn_candidate,1,1197215619000000000000,10774940571000000000000
8943841,2019-11-16 10:15:47 UTC,0xc5fc744d7e12d467e697f3f091b7b49607c4bac81ea3b250920446a3e4d43abe,148,"transfer(address,uint256)",direct_contract_call,True,186,,185,186,increment,exact,exact,False,False,mixed_transfer_and_burn_candidate,1,1197215619000000000000,10774940571000000000000
8943841,2019-11-16 10:15:47 UTC,0x7c4f686c0f02a608e5e0013c2552f3a2c97ca450cec44b15e1d622055811ff99,149,"transfer(address,uint256)",direct_contract_call,True,187,,186,187,increment,exact,exact,False,False,mixed_transfer_and_burn_candidate,1,1197215619000000000000,10774940571000000000000
8943842,2019-11-16 10:15:53 UTC,0xd8457750c57df20bc6993e7462ed6eeb03ac8bf6be1a933e29279c1d5fddce8d,13,"transfer(address,uint256)",direct_contract_call,True,188,,187,188,increment,exact,exact,False,False,mixed_transfer_and_burn_candidate,1,1197215619000000000000,10774940571000000000000
8943843,2019-11-16 10:15:55 UTC,0xb5507cf3707f34e44c4b5016e0fc821f14e4876b8a10bd88174f25aa726d35c0,79,"transfer(address,uint256)",direct_contract_call,True,189,,188,189,increment,exact,exact,False,False,mixed_transfer_and_burn_candidate,1,1197215619000000000000,10774940571000000000000
8943843,2019-11-16 10:15:55 UTC,0xd5b135c7594c473b38be9ea63957055a1d7ee2c69313fbf7079ae4dcab469374,80,"transfer(address,uint256)",direct_contract_call,True,190,,189,190,increment,exact,exact,False,False,mixed_transfer_and_burn_candidate,1,1197215619000000000000,10774940571000000000000
8943845,2019-11-16 10:16:08 UTC,0xc311f9c86ce5318abe60a2037e1ec4d6cce2afc8c44f1604965fa3155dd9b0fe,23,"transfer(address,uint256)",direct_contract_call,True,191,,190,191,increment,exact,exact,False,False,mixed_transfer_and_burn_candidate,1,1197215619000000000000,10774940571000000000000
8943845,2019-11-16 10:16:08 UTC,0xf27fe150f916a614852242ca870447ed10d52c0a0df109275967af5f32507837,24,"transfer(address,uint256)",direct_contract_call,True,192,,191,192,increment,exact,exact,False,False,mixed_transfer_and_burn_candidate,1,1197215619000000000000,10774940571000000000000
8943845,2019-11-16 10:16:08 UTC,0x80ca5d9660c2dff61816cf86f4998f299fc937c3246b0aac380c79bd9742658f,25,"transfer(address,uint256)",direct_contract_call,True,193,,192,193,increment,exact,exact,False,False,mixed_transfer_and_burn_candidate,1,1197215619000000000000,10774940571000000000000
8943846,2019-11-16 10:16:13 UTC,0xf6a0ee99e9cb6225914f00226d46e06f45a6d69d2be32b14e80bc64db3d0e2bd,66,"transfer(address,uint256)",direct_contract_call,True,194,,193,194,increment,exact,exact,False,False,mixed_transfer_and_burn_candidate,1,1197215619000000000000,10774940571000000000000
8943846,2019-11-16 10:16:13 UTC,0x5e60dc4a87b49f3faf0dd4f6143d34451fd764d0bdcf017cfe79ffccf0b52261,67,"transfer(address,uint256)",direct_contract_call,True,195,,194,195,increment,exact,exact,False,False,mixed_transfer_and_burn_candidate,1,1197215619000000000000,10774940571000000000000
8943846,2019-11-16 10:16:13 UTC,0xd35180ebb3b60e5f132b74a7702df1b9544d6b318483c351f3c7262d38f3ce9c,68,"transfer(address,uint256)",direct_contract_call,True,196,,195,196,increment,exact,exact,False,False,mixed_transfer_and_burn_candidate,1,1197215619000000000000,10774940571000000000000
8943847,2019-11-16 10:16:18 UTC,0xee4e434bb1f6d816ca22c95d6f942930f51ba35715d927ace8747911b9eff200,45,"transfer(address,uint256)",direct_contract_call,True,197,,196,197,increment,exact,exact,False,False,mixed_transfer_and_burn_candidate,1,1197215619000000000000,10774940571000000000000
8943847,2019-11-16 10:16:18 UTC,0x2512a69112be5690023c450cb035df00a023f46f447839f6dbc57b9a854160ce,46,"transfer(address,uint256)",direct_contract_call,True,198,,197,198,increment,exact,exact,False,False,mixed_transfer_and_burn_candidate,1,1197215619000000000000,10774940571000000000000
8943852,2019-11-16 10:19:19 UTC,0xa8b54a2df5f63eea0a38bf977190dd33693ecabae12b74210e04c632af993b89,93,"transfer(address,uint256)",direct_contract_call,True,199,,198,199,increment,exact,exact,False,False,mixed_transfer_and_burn_candidate,1,1197215619000000000000,10774940571000000000000
8943852,2019-11-16 10:19:19 UTC,0x89814bf3415f9348f6957495af67b45dd73eaf49bcbf3ea9f4167e86bfc46d87,94,"transfer(address,uint256)",direct_contract_call,True,200,,199,200,increment,exact,exact,False,False,mixed_transfer_and_burn_candidate,1,1197215619000000000000,10774940571000000000000
8943852,2019-11-16 10:19:19 UTC,0x1065c083e2749bc254665f2c4a7a0eecb5adaf88def22609650d9d66f5a56002,95,"transfer(address,uint256)",direct_contract_call,True,201,,200,201,increment,exact,exact,False,False,mixed_transfer_and_burn_candidate,1,1197215619000000000000,10774940571000000000000
8943852,2019-11-16 10:19:19 UTC,0x641dba25ce2321940a7fbe83079f0f7a7676dc1e80b8b51893219a86c8621bbc,96,"transfer(address,uint256)",direct_contract_call,True,202,,201,202,increment,exact,exact,False,False,mixed_transfer_and_burn_candidate,1,1197215619000000000000,10774940571000000000000
8943854,2019-11-16 10:19:25 UTC,0x16ba54ae345a1e09bdd03e99c81608f70d3c17c38bc2199fdb385dc61a8ff531,77,"transfer(address,uint256)",direct_contract_call,True,203,,202,203,increment,exact,exact,False,False,mixed_transfer_and_burn_candidate,1,1197215619000000000000,10774940571000000000000
8943855,2019-11-16 10:19:33 UTC,0xc5d938b53c84989bb8a6ddb6b15afbfad82bfc35e6120bb7820b4debf8e540ff,35,"transfer(address,uint256)",direct_contract_call,True,204,,203,204,increment,exact,exact,False,False,mixed_transfer_and_burn_candidate,1,1197215619000000000000,10774940571000000000000
8943855,2019-11-16 10:19:33 UTC,0xdcbd57a9d8f0f4aab766016ed3af031bc5a5fb88c6921bf455ecd4d4d43a49c8,36,"transfer(address,uint256)",direct_contract_call,True,205,,204,205,increment,exact,exact,False,False,mixed_transfer_and_burn_candidate,1,1197215619000000000000,10774940571000000000000
8943856,2019-11-16 10:19:42 UTC,0x1d3b8427622fe777def0b25267a43a89cf15b6d66c10ca5c1be6ed596ad3a987,13,"transfer(address,uint256)",direct_contract_call,True,206,,205,206,increment,exact,exact,False,False,mixed_transfer_and_burn_candidate,1,1197215619000000000000,10774940571000000000000
8943856,2019-11-16 10:19:42 UTC,0xeb0aaf837536cc12ac86b3b2e4edfcbca37877359c20b678c938aa274d51f104,14,"transfer(address,uint256)",direct_contract_call,True,207,,206,207,increment,exact,exact,False,False,mixed_transfer_and_burn_candidate,1,1197215619000000000000,10774940571000000000000
8943856,2019-11-16 10:19:42 UTC,0x4a0cd909df9df39d93db99ddb991ef979f7d431962a6f3427db5cbb74aa32a9a,15,"transfer(address,uint256)",direct_contract_call,True,208,,207,208,increment,exact,exact,False,False,mixed_transfer_and_burn_candidate,1,1197215619000000000000,10774940571000000000000
8943859,2019-11-16 10:20:19 UTC,0x65432f6c3468727895012e65f5c67d4e59150f6d0f62e4d0eaf986e299bbf37f,161,"transfer(address,uint256)",direct_contract_call,True,209,,208,209,increment,exact,exact,False,False,mixed_transfer_and_burn_candidate,1,1197215619000000000000,10774940571000000000000
8943893,2019-11-16 10:29:00 UTC,0xf9e900cd662fb4e6389142f8529d017c2492c0d52cb86f0bc395fa254936591f,70,"transfer(address,uint256)",direct_contract_call,True,210,,209,210,increment,exact,exact,False,False,mixed_transfer_and_burn_candidate,1,1197215619000000000000,10774940571000000000000
8943893,2019-11-16 10:29:00 UTC,0x49fe50c9eb08c799948eedd2b947f2c2496425b2ef36c80a1ed018abadf08815,71,"transfer(address,uint256)",direct_contract_call,True,211,,210,211,increment,exact,exact,False,False,mixed_transfer_and_burn_candidate,1,1197215619000000000000,10774940571000000000000
8943893,2019-11-16 10:29:00 UTC,0x5d3221c0c9669cadd92e1babe78ea0d617fe8a7679fd7bbf614318a5f5040c4b,72,"transfer(address,uint256)",direct_contract_call,True,212,,211,212,increment,exact,exact,False,False,mixed_transfer_and_burn_candidate,1,1197215619000000000000,10774940571000000000000
8943903,2019-11-16 10:31:47 UTC,0x82491bc64e89867b5a3381f4a2195d4784d713557ebbf37f03ce24fc2edebf31,109,"transfer(address,uint256)",direct_contract_call,True,213,,212,213,increment,exact,exact,False,False,mixed_transfer_and_burn_candidate,1,1197215619000000000000,10774940571000000000000
8943903,2019-11-16 10:31:47 UTC,0xb0712eb85dd95f7b40763927edbf775b028689eecaf2f99acdf4e7375a8191d2,110,"transfer(address,uint256)",direct_contract_call,True,214,,213,214,increment,exact,exact,False,False,mixed_transfer_and_burn_candidate,1,1197215619000000000000,10774940571000000000000
8943906,2019-11-16 10:32:24 UTC,0x1caf74807ed3d20a1ae74e5bfe8a4dee1e2b0f656991ba25e2d6ee108524f4dc,24,"transfer(address,uint256)",direct_contract_call,True,215,,214,215,increment,exact,exact,False,False,mixed_transfer_and_burn_candidate,1,1197215619000000000000,10774940571000000000000
8943906,2019-11-16 10:32:24 UTC,0xdbb21124f9951e61173c53b54cecdb560313a57d9d277b4487537622515143db,39,"transfer(address,uint256)",direct_contract_call,True,216,,215,216,increment,exact,exact,False,False,mixed_transfer_and_burn_candidate,1,1197215619000000000000,10774940571000000000000
8943908,2019-11-16 10:33:15 UTC,0x728c3f43e3657555e00355359012684a6e9df8fe3bdf707a6755f82950161daa,70,"transfer(address,uint256)",direct_contract_call,True,217,,216,217,increment,exact,exact,False,False,mixed_transfer_and_burn_candidate,1,1197215619000000000000,10774940571000000000000
8943908,2019-11-16 10:33:15 UTC,0xdaf4177b22819f4668c3b0d1c8c999ea1f70c5e6e1050bc80b03d19a84d40065,71,"transfer(address,uint256)",direct_contract_call,True,218,,217,218,increment,exact,exact,False,False,mixed_transfer_and_burn_candidate,1,1197215619000000000000,10774940571000000000000
8943909,2019-11-16 10:33:18 UTC,0xf92767e2a8e7aaf78e57856ad70f10b4302e8f54d034a2323768f6c047e44e47,38,"transfer(address,uint256)",direct_contract_call,True,219,,218,219,increment,exact,exact,False,False,mixed_transfer_and_burn_candidate,1,1197215619000000000000,10774940571000000000000
8943909,2019-11-16 10:33:18 UTC,0x3f27a200e392ec554972779e313ad4ea19825d12b326f4dadcc1bd0b435de128,39,"transfer(address,uint256)",direct_contract_call,True,220,,219,220,increment,exact,exact,False,False,mixed_transfer_and_burn_candidate,1,1197215619000000000000,10774940571000000000000
8943909,2019-11-16 10:33:18 UTC,0x035967a79b3d82c22b97acc384548ee0040eee8bd2f207aa9a5b7706e89565c2,40,"transfer(address,uint256)",direct_contract_call,True,221,,220,221,increment,exact,exact,False,False,mixed_transfer_and_burn_candidate,1,1197215619000000000000,10774940571000000000000
8943912,2019-11-16 10:34:11 UTC,0x8a28a21858de6a0b17c4ba6b5d7516b7609837faa3ccc51a99715af41107c8fe,51,"transfer(address,uint256)",direct_contract_call,True,222,,221,222,increment,exact,exact,False,False,mixed_transfer_and_burn_candidate,1,1197215619000000000000,10774940571000000000000
8943912,2019-11-16 10:34:11 UTC,0x542d052736c5fd4af6b58090ae6030bc03d3189c7b507b78fa508ec37419c8ce,52,"transfer(address,uint256)",direct_contract_call,True,223,,222,223,increment,exact,exact,False,False,mixed_transfer_and_burn_candidate,1,1197215619000000000000,10774940571000000000000
8943912,2019-11-16 10:34:11 UTC,0x211660f4afd657c5d1a9d68e13cd6040eb947112fe0327affbfd2266b33ad66f,53,"transfer(address,uint256)",direct_contract_call,True,224,,223,224,increment,exact,exact,False,False,mixed_transfer_and_burn_candidate,1,1197215619000000000000,10774940571000000000000
8943914,2019-11-16 10:34:20 UTC,0x9cf73291454b3d8eb7f02799e05981632a4512a11591efd7f20ea16471f3f2ee,128,"transfer(address,uint256)",direct_contract_call,True,225,,224,225,increment,exact,exact,False,False,mixed_transfer_and_burn_candidate,1,1197215619000000000000,10774940571000000000000
8943914,2019-11-16 10:34:20 UTC,0x0c74310505593d9f21d52a56a96fc27a09fe509db1867368cdfc0a41c488cb6f,129,"transfer(address,uint256)",direct_contract_call,True,226,,225,226,increment,exact,exact,False,False,mixed_transfer_and_burn_candidate,1,1197215619000000000000,10774940571000000000000
8943916,2019-11-16 10:34:39 UTC,0x19cdbc1aa5859a6d464d2620b48d909f73259619630970fb075bfecec697a6ef,51,"transfer(address,uint256)",direct_contract_call,True,227,,226,227,increment,exact,exact,False,False,mixed_transfer_and_burn_candidate,1,1197215619000000000000,10774940571000000000000
8943916,2019-11-16 10:34:39 UTC,0xdf49cc3687d5bda290483797313e76ae21a45a0cf5939e028d8e23966b577170,52,"transfer(address,uint256)",direct_contract_call,True,228,,227,228,increment,exact,exact,False,False,mixed_transfer_and_burn_candidate,1,1197215619000000000000,10774940571000000000000
8943916,2019-11-16 10:34:39 UTC,0x56b14bed3b2ff2c325317a9a37e4ad2550407bae031fa86d9bee8fa1a0882bb7,53,"transfer(address,uint256)",direct_contract_call,True,229,,228,229,increment,exact,exact,False,False,mixed_transfer_and_burn_candidate,1,1197215619000000000000,10774940571000000000000
8943918,2019-11-16 10:34:48 UTC,0x319f123a5bf71343f8c1b15ea3734091f93497400ef611506466b041dcebaf13,11,"transfer(address,uint256)",direct_contract_call,True,230,,229,230,increment,exact,exact,False,False,mixed_transfer_and_burn_candidate,1,1197215619000000000000,10774940571000000000000
8943918,2019-11-16 10:34:48 UTC,0x8d694690bfa8109492bbf3c16cc7bba0043e70ac7033128c925f4e292b2f29a9,12,"transfer(address,uint256)",direct_contract_call,True,231,,230,231,increment,exact,exact,False,False,mixed_transfer_and_burn_candidate,1,1197215619000000000000,10774940571000000000000
8943918,2019-11-16 10:34:48 UTC,0xa6fcbd41ee1896f2841834920357f13eae9f5547882dcc2e70c2902a5095842e,13,"transfer(address,uint256)",direct_contract_call,True,232,,231,232,increment,exact,exact,False,False,mixed_transfer_and_burn_candidate,1,1197215619000000000000,10774940571000000000000
8943921,2019-11-16 10:35:05 UTC,0xbc1b5f529eb20219852c297f787385b08b23f26b64c0c675758e5311bcc14598,85,"transfer(address,uint256)",direct_contract_call,True,233,,232,233,increment,exact,exact,False,False,mixed_transfer_and_burn_candidate,1,1197215619000000000000,10774940571000000000000
8943921,2019-11-16 10:35:05 UTC,0x1ce1e794cceddcd9ee65b4e502fc7276b00e9486daa2b9986b4ae7330d4a7bb5,86,"transfer(address,uint256)",direct_contract_call,True,234,,233,234,increment,exact,exact,False,False,mixed_transfer_and_burn_candidate,1,1197215619000000000000,10774940571000000000000
8943921,2019-11-16 10:35:05 UTC,0xbce9657b6632d7ff37a2ab1d0f2ffd2d5ad140e5c1ba5ced77addf350fe7d4c7,87,"transfer(address,uint256)",direct_contract_call,True,235,,234,235,increment,exact,exact,False,False,mixed_transfer_and_burn_candidate,1,1197215619000000000000,10774940571000000000000
8943921,2019-11-16 10:35:05 UTC,0xa33d5a11003186b4d5ee3fb636028fd4e83fceeaa06c213468e2793e8ce98d13,88,"transfer(address,uint256)",direct_contract_call,True,236,,235,236,increment,exact,exact,False,False,mixed_transfer_and_burn_candidate,1,1197215619000000000000,10774940571000000000000
8943923,2019-11-16 10:35:34 UTC,0x79be8fb921e71457da3b72bfb8d702c113e953c0a1db83afb8c662bf16e663ec,171,"transfer(address,uint256)",direct_contract_call,True,237,,236,237,increment,exact,exact,False,False,mixed_transfer_and_burn_candidate,1,1197215619000000000000,10774940571000000000000
8943925,2019-11-16 10:36:29 UTC,0x547368af07c0a4ee1118d5ae7adac85a894ad10e434137b427a8d4de1c60e4a8,151,"transfer(address,uint256)",direct_contract_call,True,238,,237,238,increment,exact,exact,False,False,mixed_transfer_and_burn_candidate,1,1197215619000000000000,10774940571000000000000
8943925,2019-11-16 10:36:29 UTC,0x2b1ac2918319f9aa2e55f436745b47d4d1d5a3502415fdae36b23347bc572b4b,152,"transfer(address,uint256)",direct_contract_call,True,239,,238,239,increment,exact,exact,False,False,mixed_transfer_and_burn_candidate,1,1197215619000000000000,10774940571000000000000
8943926,2019-11-16 10:36:36 UTC,0xd86a90d054d31035100b8f1c3998af1c96df54a4f03415631f6f8c1808f6b6a5,155,"transfer(address,uint256)",direct_contract_call,True,240,,239,240,increment,exact,exact,False,False,mixed_transfer_and_burn_candidate,1,1197215619000000000000,10774940571000000000000
8943927,2019-11-16 10:37:00 UTC,0xaa2593cd9266ccc5b30ec90468f1b015271ae9fb02f8892bfe4fb393a0fcf48b,14,"transfer(address,uint256)",direct_contract_call,True,241,,240,241,increment,exact,exact,False,False,mixed_transfer_and_burn_candidate,1,1197215619000000000000,10774940571000000000000
8943927,2019-11-16 10:37:00 UTC,0x89a83c69f5c0aaf1b5f65e2fb237cbdfe67c59978fc01ae1ab7c80c00cdb369c,15,"transfer(address,uint256)",direct_contract_call,True,242,,241,242,increment,exact,exact,False,False,mixed_transfer_and_burn_candidate,1,1197215619000000000000,10774940571000000000000
8943930,2019-11-16 10:37:33 UTC,0x6da6f2e3dd0d14c68c9cfc7cbe1a2f2e39b4de1c0c08619beefc5fd4f70a09de,78,"transfer(address,uint256)",direct_contract_call,True,243,,242,243,increment,exact,exact,False,False,mixed_transfer_and_burn_candidate,1,1197215619000000000000,10774940571000000000000
8943932,2019-11-16 10:37:43 UTC,0x8f4aa3c16c5b847901c6332a9792d31f4ef0967fd27ef15fd7b264308a279d4e,30,"transfer(address,uint256)",direct_contract_call,True,244,,243,244,increment,exact,exact,False,False,mixed_transfer_and_burn_candidate,1,1197215619000000000000,10774940571000000000000
8943932,2019-11-16 10:37:43 UTC,0x7b8b20d002d83ecaad4f2565ddc55f246416c5118594df6bfd79ebd2fdae6c9e,31,"transfer(address,uint256)",direct_contract_call,True,245,,244,245,increment,exact,exact,False,False,mixed_transfer_and_burn_candidate,1,1197215619000000000000,10774940571000000000000
8943935,2019-11-16 10:38:29 UTC,0x98316b4b0581b79677bf8ac60762f5fbcc4ee88281341aca97adc20f6a6e7963,117,"transfer(address,uint256)",direct_contract_call,True,246,,245,246,increment,exact,exact,False,False,mixed_transfer_and_burn_candidate,1,1197215619000000000000,10774940571000000000000
8943935,2019-11-16 10:38:29 UTC,0x85c82742df7336b8a93260554f130ffbfde8b763de01cfa4cef0c3bb6c0c34e1,118,"transfer(address,uint256)",direct_contract_call,True,247,,246,247,increment,exact,exact,False,False,mixed_transfer_and_burn_candidate,1,1197215619000000000000,10774940571000000000000
8943935,2019-11-16 10:38:29 UTC,0x81fa71866f9ef46c1b0ca5978bd42c123ee4ebe78d77ec63b1f8cba1c586d746,119,"transfer(address,uint256)",direct_contract_call,True,248,,247,248,increment,exact,exact,False,False,mixed_transfer_and_burn_candidate,1,1197215619000000000000,10774940571000000000000
8943935,2019-11-16 10:38:29 UTC,0xb5372253b3b9982d8aef177c331330b241cac4fab6c09c8c5cddf7607d5cc1e8,120,"transfer(address,uint256)",direct_contract_call,True,249,,248,249,increment,exact,exact,False,False,mixed_transfer_and_burn_candidate,1,1197215619000000000000,10774940571000000000000
8943935,2019-11-16 10:38:29 UTC,0x75c263242cdefffd2c80eafb9d76d2be5689c36713ee003fefbd83a1179acb8b,121,"transfer(address,uint256)",direct_contract_call,True,250,,249,250,increment,exact,exact,False,False,mixed_transfer_and_burn_candidate,1,1197215619000000000000,10774940571000000000000
8943935,2019-11-16 10:38:29 UTC,0x11e7d9dc5f19f5b365553d817c78f56c798e8e25aa1b854a71ecc95640bc4369,122,"transfer(address,uint256)",direct_contract_call,True,251,,250,251,increment,exact,exact,False,False,mixed_transfer_and_burn_candidate,1,1197215619000000000000,10774940571000000000000
8943938,2019-11-16 10:38:58 UTC,0xc4a19bb936d6b502de78e525b2c9f911315a219ee905afc2e6ca5abed58e938d,43,"transfer(address,uint256)",direct_contract_call,True,252,,251,252,increment,exact,exact,False,False,mixed_transfer_and_burn_candidate,1,1197215619000000000000,10774940571000000000000
8943941,2019-11-16 10:39:16 UTC,0x9d3c0c11df9c4671b34de39f70c2d6e19e84ac8757478477a8560194a56bade5,21,"transfer(address,uint256)",direct_contract_call,True,253,,252,253,increment,exact,exact,False,False,mixed_transfer_and_burn_candidate,1,1197215619000000000000,10774940571000000000000
8943943,2019-11-16 10:39:51 UTC,0xf753c255be93ec2258aef7a2e47e0250ad9ad13a710ce0e0a67543e2a8149f7c,122,"transfer(address,uint256)",direct_contract_call,True,254,,253,254,increment,exact,exact,False,False,mixed_transfer_and_burn_candidate,1,1197215619000000000000,10774940571000000000000
8943943,2019-11-16 10:39:51 UTC,0xc5daa2e1325854bf7245b59bf18dac1477af233f1890d62cfbe49b3d5f513961,123,"transfer(address,uint256)",direct_contract_call,True,255,,254,255,increment,exact,exact,False,False,mixed_transfer_and_burn_candidate,1,1197215619000000000000,10774940571000000000000
8943949,2019-11-16 10:41:49 UTC,0x443b0f9ad712982509e61ab6b7bcbc58ad5b12ed340ba09e2c4aeb4356b34b28,192,"transfer(address,uint256)",direct_contract_call,True,256,,255,256,increment,exact,exact,False,False,mixed_transfer_and_burn_candidate,1,1197215619000000000000,10774940571000000000000
8943949,2019-11-16 10:41:49 UTC,0xbba2f5b049b0149c787ac7129d3f1ef42e303b56554070ffd9e8f00095a8879f,193,"transfer(address,uint256)",direct_contract_call,True,257,,256,257,increment,exact,exact,False,False,mixed_transfer_and_burn_candidate,1,1197215619000000000000,10774940571000000000000
8943951,2019-11-16 10:41:59 UTC,0xd957477c778bf89120d31d7fe3df6c4b1ea1b54214af632fa0cdda31bd5c6dbe,36,"transfer(address,uint256)",direct_contract_call,True,258,,257,258,increment,exact,exact,False,False,mixed_transfer_and_burn_candidate,1,1197215619000000000000,10774940571000000000000
8943951,2019-11-16 10:41:59 UTC,0x8bcb463b288a65bbe711833ecc2da2fb8c4e014e326d511c3748292ea90c032e,37,"transfer(address,uint256)",direct_contract_call,True,259,,258,259,increment,exact,exact,False,False,mixed_transfer_and_burn_candidate,1,1197215619000000000000,10774940571000000000000
8943953,2019-11-16 10:42:20 UTC,0x9217d33f350ec722086009b6259e207da8784101984ba5f24feaca126185d91c,80,"transfer(address,uint256)",direct_contract_call,True,260,,259,260,increment,exact,exact,False,False,mixed_transfer_and_burn_candidate,1,1197215619000000000000,10774940571000000000000
8943955,2019-11-16 10:42:32 UTC,0x6815833bc0e70d7be3621f82f9d66f111739e45b402f1f7e0e4917ad62260b4a,72,"transfer(address,uint256)",direct_contract_call,True,261,,260,261,increment,exact,exact,False,False,mixed_transfer_and_burn_candidate,1,1197215619000000000000,10774940571000000000000
8943955,2019-11-16 10:42:32 UTC,0x8eff25faa3e67283572ab46059c85ea2d1a83c976f7cb6e340c6fb8e69b67ee0,73,"transfer(address,uint256)",direct_contract_call,True,262,,261,262,increment,exact,exact,False,False,mixed_transfer_and_burn_candidate,1,1197215619000000000000,10774940571000000000000
8943956,2019-11-16 10:42:43 UTC,0xae1e71592a313a9fc1264394399220e8024e4a48250cfcadd99ca2b034863ccb,33,"transfer(address,uint256)",direct_contract_call,True,263,,262,263,increment,exact,exact,False,False,mixed_transfer_and_burn_candidate,1,1197215619000000000000,10774940571000000000000
8943956,2019-11-16 10:42:43 UTC,0xcd126f3fc2dea273111e8c5d7842e71099c74f0a8b3af7811c88aa11e06ce7ce,34,"transfer(address,uint256)",direct_contract_call,True,264,,263,264,increment,exact,exact,False,False,mixed_transfer_and_burn_candidate,1,1197215619000000000000,10774940571000000000000
8943960,2019-11-16 10:43:28 UTC,0x7ccb871aaae81e503624a9a53321129af2fbfbca517f1ca06470ef7ab25e1e37,219,"transfer(address,uint256)",direct_contract_call,True,265,,264,265,increment,exact,exact,False,False,mixed_transfer_and_burn_candidate,1,1197215619000000000000,10774940571000000000000
8943960,2019-11-16 10:43:28 UTC,0xb56519656992b075ce8d5e157dc62827e6d183d17aa2c0ff4ba77520a5f2df8f,220,"transfer(address,uint256)",direct_contract_call,True,266,,265,266,increment,exact,exact,False,False,mixed_transfer_and_burn_candidate,1,1197215619000000000000,10774940571000000000000
8943960,2019-11-16 10:43:28 UTC,0x8ef4289462bdb4fd3498c4429b37e51aae7937886488840e0fcc37138674bce0,221,"transfer(address,uint256)",direct_contract_call,True,267,,266,267,increment,exact,exact,False,False,mixed_transfer_and_burn_candidate,1,1197215619000000000000,10774940571000000000000
8943960,2019-11-16 10:43:28 UTC,0x683b8e153c18a51b3f5f7e264cd394b7ff7f310609540773cc7e5f0d5b5a87c4,222,"transfer(address,uint256)",direct_contract_call,True,268,,267,268,increment,exact,exact,False,False,mixed_transfer_and_burn_candidate,1,1197215619000000000000,10774940571000000000000
8943961,2019-11-16 10:44:02 UTC,0x4f88ab3ffb2c79e52221815577f11ac15c44dd5bd884b0a303898ab0142dad0e,103,"transfer(address,uint256)",direct_contract_call,True,269,,268,269,increment,exact,exact,False,False,mixed_transfer_and_burn_candidate,1,1197215619000000000000,10774940571000000000000
8943961,2019-11-16 10:44:02 UTC,0x3d9b4f400f70c7ff25a3ac9d4e0a5084a896c43f0b6a60d8aae6e1ca903beb2d,104,"transfer(address,uint256)",direct_contract_call,True,270,,269,270,increment,exact,exact,False,False,mixed_transfer_and_burn_candidate,1,1197215619000000000000,10774940571000000000000
8943962,2019-11-16 10:44:17 UTC,0x1b459f98ae80b61c6f00a669ca5e8b53a66052d7db71fba018cd28d5b094fad6,16,"transfer(address,uint256)",direct_contract_call,True,271,,270,271,increment,exact,exact,False,False,mixed_transfer_and_burn_candidate,1,1197215619000000000000,10774940571000000000000
8943962,2019-11-16 10:44:17 UTC,0x2188ea8ef7e93ad176a024c80b3e596df8033ab3e281d0d533a30e2b07e75ba8,17,"transfer(address,uint256)",direct_contract_call,True,272,,271,272,increment,exact,exact,False,False,mixed_transfer_and_burn_candidate,1,1197215619000000000000,10774940571000000000000
8943964,2019-11-16 10:44:43 UTC,0x515e64f3db4ed4b547b563060a26beedd57f0dbf15de8067de8a563d31a46d2d,88,"transfer(address,uint256)",direct_contract_call,True,273,,272,273,increment,exact,exact,False,False,mixed_transfer_and_burn_candidate,1,1197215619000000000000,10774940571000000000000
8943964,2019-11-16 10:44:43 UTC,0x1e34813254e407e576fd87b266aeab572d6356c60267bb78337da2ebf8c31499,89,"transfer(address,uint256)",direct_contract_call,True,274,,273,274,increment,exact,exact,False,False,mixed_transfer_and_burn_candidate,1,1197215619000000000000,10774940571000000000000
8943968,2019-11-16 10:45:50 UTC,0xe94be82b5cd2849af8b60f2a62a646c254a7bf0f0d06bfbefd7a121b66d3b0b7,86,"transfer(address,uint256)",direct_contract_call,True,275,,274,275,increment,exact,exact,False,False,mixed_transfer_and_burn_candidate,1,1197215619000000000000,10774940571000000000000
8943968,2019-11-16 10:45:50 UTC,0x88c0bfc3a019bc9525c13738f1d5e9959fed64fc48cdf9742845da1a658ffa3e,87,"transfer(address,uint256)",direct_contract_call,True,276,,275,276,increment,exact,exact,False,False,mixed_transfer_and_burn_candidate,1,1197215619000000000000,10774940571000000000000
8943968,2019-11-16 10:45:50 UTC,0x3f60c76fd934a21af717a42f64efffe8acadd82c164be827ee94b5c37edc062f,88,"transfer(address,uint256)",direct_contract_call,True,277,,276,277,increment,exact,exact,False,False,mixed_transfer_and_burn_candidate,1,1197215619000000000000,10774940571000000000000
8943972,2019-11-16 10:47:54 UTC,0xc993833838f1ddb7460c0b80ed1a7d0e984f26afe379473605582ceb28f510f2,158,"transfer(address,uint256)",direct_contract_call,True,278,,277,278,increment,exact,exact,False,False,mixed_transfer_and_burn_candidate,1,1197215619000000000000,10774940571000000000000
8943972,2019-11-16 10:47:54 UTC,0x6ad29d692ea5a18cd971dd97b229cdc7d0a2064f53cfe6fe63bfff20552f201e,159,"transfer(address,uint256)",direct_contract_call,True,279,,278,279,increment,exact,exact,False,False,mixed_transfer_and_burn_candidate,1,1197215619000000000000,10774940571000000000000
8943974,2019-11-16 10:48:12 UTC,0xd68ae2d2e1d5aa01b44d6f4f9d1aacdccccf6cdec981517d40b0a55b5fcce946,136,"transfer(address,uint256)",direct_contract_call,True,280,,279,280,increment,exact,exact,False,False,mixed_transfer_and_burn_candidate,1,1197215619000000000000,10774940571000000000000
8943974,2019-11-16 10:48:12 UTC,0xd3f070ae5376349261179b7f4d2ba4cc543804c07fd86b1e216a7677d760de4e,137,"transfer(address,uint256)",direct_contract_call,True,281,,280,281,increment,exact,exact,False,False,mixed_transfer_and_burn_candidate,1,1197215619000000000000,10774940571000000000000
8943976,2019-11-16 10:48:26 UTC,0x78ef50eb691ce07c023aed66951a9ec36df91b5a99a96fc538bd63d7d81ce3ec,52,"transfer(address,uint256)",direct_contract_call,True,282,,281,282,increment,exact,exact,False,False,mixed_transfer_and_burn_candidate,1,1197215619000000000000,10774940571000000000000
8943976,2019-11-16 10:48:26 UTC,0x94a6bdf6e833a4f87b595bb38247cd92be50e17df3e25eb1a965db755f0b9cbf,53,"transfer(address,uint256)",direct_contract_call,True,283,,282,283,increment,exact,exact,False,False,mixed_transfer_and_burn_candidate,1,1197215619000000000000,10774940571000000000000
8943976,2019-11-16 10:48:26 UTC,0x15f28298aa3acb314a456f037600b9f152e195c756389f6d184094b974af7d4b,54,"transfer(address,uint256)",direct_contract_call,True,284,,283,284,increment,exact,exact,False,False,mixed_transfer_and_burn_candidate,1,1197215619000000000000,10774940571000000000000
8943976,2019-11-16 10:48:26 UTC,0x92064f40154909254eafa0cb0f2ccf9e8db214a253f669c3408170e7d24dc690,55,"transfer(address,uint256)",direct_contract_call,True,285,,284,285,increment,exact,exact,False,False,mixed_transfer_and_burn_candidate,1,1197215619000000000000,10774940571000000000000
8943977,2019-11-16 10:48:30 UTC,0xd43f9db4b6c4ef6e3e173cba46dce6ad4ffeb1ace257cf536075f25e5532e132,64,"transfer(address,uint256)",direct_contract_call,True,286,,285,286,increment,exact,exact,False,False,mixed_transfer_and_burn_candidate,1,1197215619000000000000,10774940571000000000000
8943977,2019-11-16 10:48:30 UTC,0xe783b66a29bf97e0febb726f26e1524758e4a55383ea4e56fd0a27cda769ea58,65,"transfer(address,uint256)",direct_contract_call,True,287,,286,287,increment,exact,exact,False,False,mixed_transfer_and_burn_candidate,1,1197215619000000000000,10774940571000000000000
8943977,2019-11-16 10:48:30 UTC,0xdbaf71342c0d55dc201907d9151d2adb5cf6ea0509e80b0db86d80d963aa1325,66,"transfer(address,uint256)",direct_contract_call,True,288,,287,288,increment,exact,exact,False,False,mixed_transfer_and_burn_candidate,1,1197215619000000000000,10774940571000000000000
8943980,2019-11-16 10:48:50 UTC,0xde2e2433bd869b061ba8cafddf9f61da4fc26c1b004a1b52b8e922d5251ad705,94,"transfer(address,uint256)",direct_contract_call,True,289,,288,289,increment,exact,exact,False,False,mixed_transfer_and_burn_candidate,1,1197215619000000000000,10774940571000000000000
8943980,2019-11-16 10:48:50 UTC,0x5c3cdf9585d45ec4014aded7bdc32ff23f27210f346bdb53dbf84769be12309e,95,"transfer(address,uint256)",direct_contract_call,True,290,,289,290,increment,exact,exact,False,False,mixed_transfer_and_burn_candidate,1,1197215619000000000000,10774940571000000000000
8943980,2019-11-16 10:48:50 UTC,0x1f85dafcfc95072db467c0fb56f9ea15d2dacfd5a3ada6385b91b3a0d5242070,96,"transfer(address,uint256)",direct_contract_call,True,291,,290,291,increment,exact,exact,False,False,mixed_transfer_and_burn_candidate,1,1197215619000000000000,10774940571000000000000
8943980,2019-11-16 10:48:50 UTC,0x6a4774df5a3c1a01ec1d51a739825618d812ff1606766a8f1b6558eefdf31ba7,97,"transfer(address,uint256)",direct_contract_call,True,292,,291,292,increment,exact,exact,False,False,mixed_transfer_and_burn_candidate,1,1197215619000000000000,10774940571000000000000
8943980,2019-11-16 10:48:50 UTC,0x5f3574a6951d77d9c6e2516a5701a9c73bd06592d4fb56c73ceedce030260b8b,98,"transfer(address,uint256)",direct_contract_call,True,293,,292,293,increment,exact,exact,False,False,mixed_transfer_and_burn_candidate,1,1197215619000000000000,10774940571000000000000
8943982,2019-11-16 10:49:59 UTC,0x9ed7135c12b2567b9d5af5fc134c539921905706231c485defb7cfc278b6c84a,170,"transfer(address,uint256)",direct_contract_call,True,294,,293,294,increment,exact,exact,False,False,mixed_transfer_and_burn_candidate,1,1197215619000000000000,10774940571000000000000
8943982,2019-11-16 10:49:59 UTC,0x37cc02a51f2a4f35deec7d2e5e4f35cd4c389eeaeefa7d48eebe8d79f9c7a783,171,"transfer(address,uint256)",direct_contract_call,True,295,,294,295,increment,exact,exact,False,False,mixed_transfer_and_burn_candidate,1,1197215619000000000000,10774940571000000000000
8943988,2019-11-16 10:52:47 UTC,0x7e124ace605a1d3d0a667c32338697f53e9dac3ab481dfac9735d54acf207124,58,"transfer(address,uint256)",direct_contract_call,True,296,,295,296,increment,exact,exact,False,False,mixed_transfer_and_burn_candidate,1,1197215619000000000000,10774940571000000000000
8943990,2019-11-16 10:52:59 UTC,0xdd6973e99c04787d1d4006e9fc958fd1dea7f40244b8c2e339750746a0dc0381,40,"transfer(address,uint256)",direct_contract_call,True,297,,296,297,increment,exact,exact,False,False,mixed_transfer_and_burn_candidate,1,1197215619000000000000,10774940571000000000000
8943990,2019-11-16 10:52:59 UTC,0x4dc007672af502c2ea254350cde6a041f4e741391841e09c00f891a62957cf14,41,"transfer(address,uint256)",direct_contract_call,True,298,,297,298,increment,exact,exact,False,False,mixed_transfer_and_burn_candidate,1,1197215619000000000000,10774940571000000000000
8943991,2019-11-16 10:53:10 UTC,0x2916b46d7c20331be9972598ea72b5e92e92ab7ad92bbb219bc6ee0ef8f3ff40,207,"transfer(address,uint256)",direct_contract_call,True,299,,298,299,increment,exact,exact,False,False,mixed_transfer_and_burn_candidate,1,1197215619000000000000,10774940571000000000000
8943991,2019-11-16 10:53:10 UTC,0x6fe5c06c9ee3da98a6963436d4e7b7ee17a2f141d21eb2f22d1f2ef9f3aa1190,208,"transfer(address,uint256)",direct_contract_call,True,300,,299,300,increment,exact,exact,False,False,mixed_transfer_and_burn_candidate,1,1197215619000000000000,10774940571000000000000
8943991,2019-11-16 10:53:10 UTC,0xd80884996e2b89549b6efee0a24aae4026372ed95a416cd9a39596257cf11f6d,209,"transfer(address,uint256)",direct_contract_call,True,301,,300,301,increment,exact,exact,False,False,mixed_transfer_and_burn_candidate,1,1197215619000000000000,10774940571000000000000
8943991,2019-11-16 10:53:10 UTC,0x80fe8191acd99dfbb0ca9b5560b42190b86d850f2d88b45907620c8c84fa30e6,210,"transfer(address,uint256)",direct_contract_call,True,302,,301,302,increment,exact,exact,False,False,mixed_transfer_and_burn_candidate,1,1197215619000000000000,10774940571000000000000
8943992,2019-11-16 10:53:36 UTC,0x8646313ee9ae18322dbd447253fbe2d72f94567e98b607a554972b1b9b824dc0,79,"transfer(address,uint256)",direct_contract_call,True,303,,302,303,increment,exact,exact,False,False,mixed_transfer_and_burn_candidate,1,1197215619000000000000,10774940571000000000000
8943992,2019-11-16 10:53:36 UTC,0x4b6ded45e2bb094ee70216dc71d142c107f46eb4bbd3fb300550cfbf2e7e495f,80,"transfer(address,uint256)",direct_contract_call,True,304,,303,304,increment,exact,exact,False,False,mixed_transfer_and_burn_candidate,1,1197215619000000000000,10774940571000000000000
8943993,2019-11-16 10:53:46 UTC,0x43bc586b8cf3cbebc4bd26466681832eea5990c5a90ef880e0e80d92eae20422,15,"transfer(address,uint256)",direct_contract_call,True,305,,304,305,increment,exact,exact,False,False,mixed_transfer_and_burn_candidate,1,1197215619000000000000,10774940571000000000000
8943993,2019-11-16 10:53:46 UTC,0x78ec0f0d19c218a5b94a7d72561f0cc40733db923d8ed75b3ef644a36e9f965f,16,"transfer(address,uint256)",direct_contract_call,True,306,,305,306,increment,exact,exact,False,False,mixed_transfer_and_burn_candidate,1,1197215619000000000000,10774940571000000000000
8943993,2019-11-16 10:53:46 UTC,0x283989d049baa97418a54501dae41f15c60c50a639ff811e2eb8f4096009230a,17,"transfer(address,uint256)",direct_contract_call,True,307,,306,307,increment,exact,exact,False,False,mixed_transfer_and_burn_candidate,1,1197215619000000000000,10774940571000000000000
8943994,2019-11-16 10:53:51 UTC,0x42581a3cdab00fad5444af8860bd0c1da10a92975026596d659225e51218def7,50,"transfer(address,uint256)",direct_contract_call,True,308,,307,308,increment,exact,exact,False,False,mixed_transfer_and_burn_candidate,1,1197215619000000000000,10774940571000000000000
8943994,2019-11-16 10:53:51 UTC,0xe3dbda9fd347d8a8c470b2345e3ed2cafa01e944b9ee25a5285c68d5e4c4615b,51,"transfer(address,uint256)",direct_contract_call,True,309,,308,309,increment,exact,exact,False,False,mixed_transfer_and_burn_candidate,1,1197215619000000000000,10774940571000000000000
8943994,2019-11-16 10:53:51 UTC,0xcdb57c08cd89c8fc733da92a3517cdbed6ec11665862fbdc51aa935a30f0c090,52,"transfer(address,uint256)",direct_contract_call,True,310,,309,310,increment,exact,exact,False,False,mixed_transfer_and_burn_candidate,1,1197215619000000000000,10774940571000000000000
8943995,2019-11-16 10:53:53 UTC,0xd530e6da525673caaceec0905e4c991cd6183f4fb2fde5eddf4d42f8f653a036,15,"transfer(address,uint256)",direct_contract_call,True,311,,310,311,increment,exact,exact,False,False,mixed_transfer_and_burn_candidate,1,1197215619000000000000,10774940571000000000000
8943996,2019-11-16 10:54:19 UTC,0x966a95d8521a59326a67e9a115c538667cd13fda4bc140206f63a6ec6de1ef1c,142,"transfer(address,uint256)",direct_contract_call,True,312,,311,312,increment,exact,exact,False,False,mixed_transfer_and_burn_candidate,1,1197215619000000000000,10774940571000000000000
8943996,2019-11-16 10:54:19 UTC,0x3367e4b4fb13bcb9b7f1f1b9ccb41f2ec1ab7f114ed2b873bc186c60d6363ee5,143,"transfer(address,uint256)",direct_contract_call,True,313,,312,313,increment,exact,exact,False,False,mixed_transfer_and_burn_candidate,1,1197215619000000000000,10774940571000000000000
8943999,2019-11-16 10:54:36 UTC,0xfc4b0a544b174530a44ce0a68f2fefaf3d84fa520fd32b0653181ae68ae6eb4e,57,"transfer(address,uint256)",direct_contract_call,True,314,,313,314,increment,exact,exact,False,False,mixed_transfer_and_burn_candidate,1,1197215619000000000000,10774940571000000000000
8943999,2019-11-16 10:54:36 UTC,0x51b97c2e53f60cd66742f1662f61d0b79120bb0f9f4465a0a15eb075c9e86068,58,"transfer(address,uint256)",direct_contract_call,True,315,,314,315,increment,exact,exact,False,False,mixed_transfer_and_burn_candidate,1,1197215619000000000000,10774940571000000000000
